0,f04b6caf16825e337f1ddbc39d09a934981c7b43a52fac4e5c1a46726017789d7222a19d5609
1,203478e2addc3a02375e4914dbdc76fd039d07eb8712b53fe8a1c6bbef647ca07d46d3163bb9
2,77ce295588006140683c1a83703d519f707f3eddba5c9d58aad41ffaf152629ce7137690a669
3,63bec80ed205f53eb6d23907bdd8710b96c1885bf03c5a914dcd9c35598d40204e518957cbe5
4,7ac1ff54df4bcdd9443373883e1b91c88ffc090b916e2eeb8007354243ca5acba62f070698e7
5,04e99764a4fbaf990e2c2c186405255bfb386a365fcbf240f14114ff8f14d05f030f1d812163
6,749c87d464de0e81e169295b77cee3dbdeb273747bab7e95959957e4ccd075efa3eb12c70bac
7,14a6c1f89c9923e9296e01389e27504e5d22e1e39a336bc43700b4c12c517b56c41b3bedfdb3
8,eac25c4f6ee6c8f04b8d0b4a852c4ac9c8574ef7634b1b6c0ffe52b2c8bff871bb7984959ed6
9,c3057c99805d9dd1397fc669930d704125e3cec5427190d26667be7cf54227205bc2c941de30
10,723ff471947b6989d93446a70577135bdfc45aaa37ee155149a2b0a0cdfce2497a0fd3009b33
11,4f970c6c11d35ad57ca8d25de7b8ff772074afa59ba4f934c34cec3c5a98da329af18ce3e811
12,fb7f5ddcea8efc7854103165157d2158f8397b76c30cb1f3fc376ffa6671e7ead3060d0d8455
13,c95d5b8df6188ee87dd11482f2b6b36d2559ef87134cc9e4fea9d410a2c856ffd4d8d77b8203
14,a98c9fa20baa657d4f0f45e308739603b0e690e29df97fe7127ec12dd8245778a92e6f565cf3
15,1af2d521d16db3e9779d9f882518e9987c6b936809b532eb95256998c75e893f956a0ea30729
16,96cbba18fcf06af9a56e0b1af6b8eb0bd40a437c7450bf164b5b9b285d7c6ed8cd7860c9c611
19,7361124bcc4d3907db2af956b6ed9fdf04823ce197244b8c0d73a13844808304a73b98706bcb
20,45027fc469bae080adc3bed07f0d1c99f11b5ff394021fdac4836a42f03b867e54bea7e0610e
21,9453e46d1b5820ac7512d4aba556da544f378d729b2158d44fe1bd3619eb1a30be2cc06f374f
22,29f1a3853098b3ae93e58dc2b65acf8f62186830d745b339135014f3a9b0ad6671b46dfe661a
29,1f2784de14fceca082db6a2bb2d4b7b861d84fec917e5aa37fe5fac32801a60228d8bb32a1ff
30,0bedf9be10f9a72cc4ee8f1cb2312c10de238649c7941e86077297e0d984006b302ab1c9c6c1
31,1cb8ad84913e3e6d6a65d2adfdc1ec9b5f69fdea75bb92f347689a103400a64266bfb6858a81
32,fd5fd768c8c2302d8c5c8d8624a91c7d2b527f04f2ecd75f7baf77ffc1d073ac07d1394e78ef
35,c1ee5c69c8e3f6ad1b66cddcf7bfc2d97784a65ad81a5ca1be6fd82e2203cae6bb9aa32b19d2
36,622bf222236d488809e8918a4210f6cb37a5f4594bc675900a273a51293d929c6424e31c24f8
37,a9daaf627a45c9019d0a789b43bb81bf4d26615eb8367efb4953145e6e734c9c0f68cb198dd0
38,351f2188e638129d0f1d7e2aafa5c90feaa9d3dc1f471040e79584228dbb4af782a76d5fa4ca
119,2e5c721eb0d41a226df2da7290d390834530baee71ef0ff95da175c57ed5da95aeaf9cbb28f3
120,a1ee1492edca8d3d8f49b43ac1ef34b928df63cacf81a5a8c62313e1e113042c10dca22f818e
143,1fb42ab71a9691beb34fc2f6c0529133cf1dcef27e49f59f47a0301a5920871181313f74f61b
144,c787b49bc5bb022fbb8d8db69dc8fc74dbb56e8e0419ec4a50b9644bbfed95ac0061336a81b5
151,fd36104990d76a30e44b6c8ff3ce8510c06857916dc20aa530a2a0119846830a6f92338ce779
152,5668fd6bdbae1c9ab62b2d9f8e4977ebfecfb14560dc50bc82e482af957d51d64388bc9bda15
155,7dcd749d0a8ded00c625bb762b75d1f511a28cdebe4ea3805e12bfc9802cb167aa39035667a2
156,a10f6d12c7f8bcc3af9e61cd15e44e977cc8750eea2e6cdebda79cca21c81227ef01fd0b78b2
169,e17503b739eddecb1d970cfaa725033b10553b3d731680aba5937b87240cc781161830c84913
170,05615dcb61e2449dcac2d2ad3d7f6b9ad96f8df739e38c8ee73b829789944f73948027dd8969
173,ff997b6935245ddb8fdd44e88e54c396068a0adb165e5b44f0ada26c1fd0fc29de3dce030949
174,0aeb8fa66430f80994932d0a93d19d77d550b1b797648f840b528aeef8ca38785c90f3263e32
239,95654629e492751e022dd1bebac31ca46660273e0d31f09dfb09c9c17c16e8aaaef0260f7883
240,738ef484f6b33684bfabb71a6aa9d6cd465d1747f42ba10f08833c76af454b1771b989d2247f
241,0fb128bf26b792679e8492baf92f4a346f1506b24a98f4a177e846cb9c0f485dce204dadaf9d
242,15a1836b9e6d8e05b72820ea80e90de59a5e60f599c550467684a733e99b95770b9139533af6
253,cacbdce6576c659dab7549a7b7c448bb85785bfba80344805d15638f5d1ae5d80bb7ee88a54a
254,35b1dbee9aecc97b93903f1847b6509e906bb13e189215c5b5f540d5181236e67404211773d1
261,295e2ef8c80973d90f4ef6f6277da24d7941668c8dc51ab0099dfccced36f53dee42c5001289
262,8f2f6e763fe4eab4b2378f01532ec9ec00c5efe3e63f6cdb28350632b0d33f48edb1a1275c3d
263,38f4518125d7166dd7cd923a27e94cff68ca530a209a16095d2bbb7e94d43c1dc01c34aa02f0
264,0e4945603abeea47d197d1aeba47deadb4b52375eab2d1d27541b3d402c136732dc8abf6c2ed
275,d0e994db87d1ef306a99191a84282f4542546f1c49aec5203e770c5d48f5460c9b40036e1fab
276,c0fa2ed5bd1e9c8ae878d9f4495e24949eafeec6d045915e6ed9a457ca2005be4681a33ee6ce
277,d71186e9b4ac3de403a97d4136f27afe65fa3a70ce6273e0be09fb3c72ee3bf0efca788ba418
278,5c7983e0918de08546204bab6989420fc239ddafcf0154601906df1aa3e403b201f00782b4d0
283,a33e1cf71a6ba67913a91717aeacdf4d7739b72ee09b64630793d7283c07791caf5e860c62ef
284,37bb85de8c170bf7f654dc1803fb4a711c5f317424607940800f9ba66c81b3688ae3616728a9
285,1d65d9b2f9535ad4d7038d6cf86408fec3c9d57439e73ca10c4533eefd92b037378d90150c20
286,4b3de1bc5523b6f4e98ce08b2b084daa008240f64b2d89c4b0716bc2ba8e3769cfb14aa059d3
289,5ec1c29890e9e2f078853efd3d4a9f166be196e2684bfb1309de74c7a8dd8ebffed36a09dc01
290,c77faba78ab6fa5abdde947ca5ec450aeb00914eee64b769d9ad9029916eeeedcdb5fffb3427
291,7b398b3ad15ade52d4a1940ce20c9582f33bec6f426ec7a6b4de37eb09c41242e37606ae9704
292,c905795b388d59c831d1c122000de35b6e0cc9961f0fbf3aa74afce7852da1090a45516d48b9
303,079a31b45b24bc78d6a7c3dcc81bd239d2f156f7c50a0134621168f2dec430a2cf8a453632a2
304,23349498d8f6b98a6793c119d0c6715dbd9532440e047f632c6c2365932dc57f7742a9634661
311,dff64d7b5f4fc63ea61b8159ea8a216033d31272a38c4f661181ea7072d0717a059cf9df46cc
312,57072f81803becca95e647411fa7aed3e89cd7dc641cd4754378f080c8339e8fc2998d1adfd4
317,e83d22b1e265caac8259987cf5af1b2aa547146356b35312d1d19a1ff4ac0e76deab19c05bb5
318,56de69801af535470f1a76c58e841a876d2ecd3cdbcf441aa39fc255ce7afd65170cab34d829
323,09cb95c54f02b51d128821c8d70ce4cce670d09cbd268997f97dc402e11338a111a1aaf9ee88
324,2c105ead03aad88f41434806072cd3dfc78288d9234529e612a59672583b497ef832cc327c3c
329,8dc6513dcbb6776e3fab7053e1e74cb884aa55c25f71ad7c1a9803d9db44c6758b36cabb6a62
330,625c5fa5d7889c60f572928268b5f09036cbfc3329958e49d51f181442e7e7b3f6ea5204d590
333,96fed4fe875bd6656a980e4048cfb2985e458c251c7082c32508ff9cf8552bf6068a464fb15c
334,7089edffe85e57a7e11e48f8713c33a1eaff5f378c8ecc0b6d3623f6acea500b8e149ff0a361
335,cb9fc39dc50995fcbe621b152009ccfbb3e68ecc25d26cc0e6a8775cab7f308462b39d55bb66
351,0a0af59c7c0cbf425fbbbef280b20675601320aca37cb6898dcc58eb751ed306c3707cc5e024
352,e52356db45286ba4c3d95225ffcf45a0cf56bcf5a9efaa191fb2db61e6f321d204a951c70471
353,8f2705ae1b92bd1450d09478324fce1d259f2d494a1cd13b0e96165dff4e115002b2e483beaf
354,7ce4e3fed8fda61d742a8f3cc2e87aee250f183713099d9db41013f64d105378e703f77c6f50
355,233ec432fef18eefb1709715969144d5faea99b9156a65a738e2fdd3336f79ea41a82819e4e3
356,abec5cdf1e1abbea51197de3ef9b4233416efc3a81f49f3bf865e6938773b01623c40968b7e4
363,6e1f812022beb00710be91ceb0d2ee8ed5ce0d733545c785eb4fda82524d0dc23744d30988ca
364,98f99fe6f27e70cd4b0875bafa0578dadead888f9ff5f0a26f9eeddcf19048414e66bf72dd91
365,13264257e6d9f4900ca72d3e88b26841f77cb879ad49e88aba9fb7afb663dc55fbf14ac0aee2
384,4456a9dac8893dcf4515677fb1aebcedeed4fa8b55a2cbf5fd6b5d696544d3d7752b9b941321
385,8677572580fcc7ba48078926edc9757b2bdb75aba5aed27550815cc829817ec7ba7c28261147
386,c97bc67fb811808f00d938434db60503d6c480e286a0d045d430214c3ddb80bdc031bdab732a
486,dea22b2b69f041707ef83363cc67abf954c37951bc666b9aa6d40de371def78fbaef8269cef6
487,4dcd9402d4362b2d0c09cc16e41df042543f448e530bb3ba906c20d24cd98d838ff001cf0bc5
488,86e6dd07dafe5897572e2de2c8e560a0c608f8c817d83f786d970590f027b109e61a580f3025
498,ef25c47ce310888b1a32caaf51360ffd40d7b5b670795e01511283dafe8b798ea1012503b2b1
499,4c5c71c5aabd122e3ce5aceae6bbe7cb85c4e2657313ef99e2f8f49ecf42ec856a58a0a44d76
500,1e25f1d9feb3fad13f5c75567e378a11dcd6973c2399e2fabd0bac31f945815a2526ae65b56f
507,f6ee478744bde59bf15156624aeab052a980071b2eb451b3b21e14746d898a06219ac3da7d86
508,25b4281097bd8d8054b83768d8788841055ed3f2e0ca65bef496e7c392ca3d3353479de95fe9
509,40af63d802f37541f5f0d949f8f760d58a681e5acd93d5b3d284f5020339665241dd8f262b3a
519,a198bf0397c31fe7db5aa4fdb59e30e1b595e42a93fb3f94ad6bfa80b673b11df15e9f971d82
520,0ed5397605567998d4a248ec5c47e34e133e615f50c78ac59d17f3ba96d52878af00ea27926b
521,286a757079013e766a11ab5bc92b6b3116236905219d04f5bc9e56533f677b84e2cdff5f9218
540,29d6817500a36dd46be29156245053bcad8c75155b567bda41e7da2ac386be5a6f657e7ae2b9
541,3c39669650f94ea6bd0aef4b8c376ba0e5ce686c8d3823ef1c1552ceef881edfd7c2d696db6a
542,2ffde17e8c596e655eb7f8c41e0375ba030d7c830dbc45c5231a42576e6014ea8843fd191f30
570,81be5f4d23a9cfac26581856bb6f9bc870dd621889ad285074f160385320ede97d7789ff6a12
571,c74747377656f2fcb2858b978778e98519fa7e238725910d2f3a2248fc47b0706d5e7dc7f264
572,2de4cb586abebece62f691a6c1c2449629f25ad9ec2c4a7b127dd266b6f1c812547c069ec798
576,478d5d5bfdb3089f23d618b4e8cf2b47fc94b3e46f3656c0c057217e8fa16ad3dab09a027bd1
577,5e678775d8f9be4090c0f714da677f98f9fc019ef7b8f33d67bcb31c60d39311f2cbffec6a05
578,f2c9b7845ebe56d80afa068391fc703ae3311a1a0bf9033aa48d4fe83b4b3bef6505eb107878
588,5f89a2bfb8e60948b594d1a8834e1a7d81dc985ae3e0af2844c0715f101d84c7b05034dd308b
589,c22c0618a9e19d26e67ace98bc18a280404a74220d97251e8ba6e0f336bb5e104d5fce8f9bbb
590,404ad88b03147bfa120e223655b78abe3013db1a8e59b98e38b067aa768f0a433106c1573425
597,a4d7b30c908b876eeff747b3fcd38765a782c779c00b161c6d8f0209160094bcda4ac3bcc749
598,e25555c0c9b08143f718c6dc2539ad35dde4b5d795de5db7f2436a1ba55210c94fde530f2a62
599,e1ce20c1a023577012a820d84eb74d774680648b04939e6115ef3933d57c850a2be90350125d
636,9008ca809f4f919ffa977e82ca4a775c7b56f43e64e1eca76ea5e2c361f540f6155ed360fcf7
637,1409811545f1b4ed89e46ec154da657f65fa6d87beeabe99f7bc6b8fb3d114434048333327f0
638,8233889b554801ada0ada4ad1e550fa604c7651f2d971a0a5a336399f53f16fbe04caae0fe54
645,dfca36a3a5fd1f74ea3f7d22e2e8e24b5398daa817dbf74ddae7fa5f4e48dd9d8537c695fad2
646,520b1d5ef2f21fd780d11db2b1286b327068db47a4b83c376b2fca06234b38fdbed12f283239
647,f7dd8d0ed3136c53b7d654589bb5b33c0962b873c8b7685bb0c1eddaa4f787caa81203726896
654,8e1b1c608ad7f528ac557791e1404028a36fbd739610e27c8a1b3db71fbaf7b85a05a37b89ec
655,20f7c85b755c663434678f04153364020cad592ec1f8003e3bfb4ca37942bffef93ee34cac41
656,44ee5cf186447c33e8122ada6ae091b9b55e827fac582b6dfe986aebc63c7914f233bd4b3b25
657,7a3764257797532c199829f9bbf69584ed6b19166730c02800dac94dee7896b9036fe40cb0cd
658,8446c1c88221586d54dec1b6a81444410166f4364a4f90001de3960ccb19878586d3db509715
659,66da19d4cdc43bfebbd2ae313a3548cd7dec24bde1acfb147ef4be8eebf6aa8e5210dbc2b236
672,ebf37be5b79e60c2f4157964cb650a62c3575be3a3c0c8b91e110e3dc168a434b8b29530e7e6
673,669bb0489d31ad8cb7dad6c72376feffabfcd526454be03b63cdd5c1824f22094cbc8e5ed144
674,9214beececb0c7af5d6ab731e8f8ae3b03dec79931efc6eba7685d73b4181e083f76be26905d
678,09d088b52d93198b34a15cfe60bff490ce2b72e5668a90c40c4df83a5c7dfadf9a411b345915
679,4a931fdfc24e58b98e9094b26f4c8a70dbaaf9661b022d44bdecacdfbd1fedd2659706134c12
680,5f0a6e2a886f57ba71af7d7dc438f56ff0515a7699b55be9d218923027b7d4c3526dbf4d383b
684,34c358743582114a0e2be486f38db51b7d360a78370aab44df0fe3343486051a3c12aea16798
685,be19858bdaef87474bb1fb065a332181fe7eb1b25c615babc1ffeb6de8d2c94f0af5e7b0eef4
686,5766b7faf9d3ed804ddee7b5c6a8e4f3979eb7eaa2de2698e9ec508f4bd2178ad608b9e9ca8f
687,10c6093ce0877454c849835119fb827f44d2bd941e08cbac9a63ffcd75125988da926ce233a1
688,a6232c2c47f44e6cc2c577e5fab920e51486f9cbec991a081a6f1dd6f2d4d717eae29a38cfcd
689,7d6c0475429c918e5390402c0982fef96ba3e526ac1eafa7a95095a1ee00fbf9d738dcaaaa24
690,b942f8dbb32627a0a7fc6b44ea3520ef69e30bec3093a10524531ae9d5ce9c76f9c8d12d104d
691,87f60b445d23ed88e94555ba2e253ad034eb7a99e87ee45e640b60e6f452c605500debbeeddc
692,a73d5291cb22215ee8202d64180bedf566f091e10f4cbc6a2f44660ee68ce524770415058104
696,4fb1f5db1ace54253a607bfc78d8c4ebeb9f4481133e68f5de04716b0b1cb0d614937cfb0447
697,385019d8a9996e93d90453a701a0458ca446cca5427424fe251f2cde732661f31580a2992b39
698,674c98fc55119787e488bdbc6994460593059b0d077159ded0880b014337bc1a586d10dec974
699,c230711a6a31d4817416f5aa4ce17991066bb6f0a094152df117ea6ddfec55c0034d37406bbd
700,4beae5d1dddb9975253702ba8ceddbb1586eed6000f5ee1a76e79207fd2572bca6ac3c00b89d
701,535b1e615eae2454a66004063b1fe3dcf7f432879593726eadb63032a6605c54005a93efe0c8
702,5d965afeb429227d91a60a5cfd73b659f6e6ade96892f18e308eb1413f478088e00abe592356
703,a77fda5fb5f9b3069caad72749d922250743e3f130f877c1ef4bd18969a5243c611d9baeab14
704,715a39efc3de90026e5cfbdb3f360e286ff14ca865739529c8a25d3f2c77159508d74043282a
714,99e97861365f85540e048b4fb890d3b6abd62c510a1b893e8dc74fbac719ab7b05957cc62a0a
715,1fa5d0eb9c636c46bb1e1d6487d9c921eff66e7da99e7490e277dabbd0576d4b65f14b7ea737
716,23e3b9b88d660966202f4f0a85e652f577ac3e0560abb87ddf53647aa97e35645083741c9ae4
723,03423f4b568fe11f57019fcb6982eec2ef9e01968e2a6968fcb03cb76aaaaaf284aa48ea3ec9
724,73e73f9f2d568b7ecddb4ed66991264addd1ec47c9d3714d9ed2009fb2b5530e25a73e523b95
725,eed09f147d14f24634c7e03224894690c9ea16d90d80c2af5f616e4b56dd4852c0778d9df5de
726,f8f6b94ca5fcf637d2decc06352f8c821b3394f78f3c5d24d0c804b1f3823767f77fd32ace7b
727,c0921a836d9ae14e069367b04d295c59aaec5a2c9e2443a9abd15856e7667abdd8beeb78aa9a
728,e1ef85f35bf0082ff4400990ca650aad72eb3ab18eb5dcc778ca46e466369a8fa401ef0baee1
747,82658fbf943e77b8ee8b9530b87f33459100046e6df75cfc151e16e78f65fc456437c737e4d2
748,770b2cb9ea7f977f602075bdc1322530d2c1c6f658768c778c5364876a82f5c3b1a9c9d13dcd
749,90015e00e6416fb381ef6d09b41bf89ccd84e642c7a8d65d5d85cffd5cef07c74046a7e0a59b
750,c70770d761f79f718660c9f5ff5b5759cd76fdcc26f0dd86b7fa6761296d3df5dda4619ddce8
751,f7937a562eea33e1b60c5f9696be9a48be7f7307394f10d6a649164a9ffaf87fd8a454f78a00
752,55ba14f362dd11fd4c94f5221444e28ecdedcac891d15577c28a291832d2895893b814d8c17e
753,808e7383ddcb131dde07e0dc12808b61f97450182e3155bd9da6a34cbe54e4e90cf014ce6235
754,b5200777462dbec797a9f7d38fcd2b785ad1bbe74bcbaa3a6fd5053fd962faf7ede57195f552
755,8be1dfc16471c0f9c52818054b592ef86dc1e8e6fcb69e4b1da1c2982147499c41056a9f318f
762,cee7e68332ef5733834708a7d5b99d9e3c3f548eadecb51dc95b7e5c6f199a9c538f00471908
763,41172d61507d3fa64468001877aa839865daadaa13505cc6cd640464f8682f70d3dd322e5a21
764,b9464b4c9f3630e450274f7c7c596a9a1ce2873bb1730bf657207a2109cfbc10640cf31721d4
774,35b33eff2865fb5ca4c953aea3d80b77a337f82c6e05a2b6aa40d2eb9adaa549d9afd734dde3
775,12d4d2e86ebd01425fbf986de37a03ef6683c8c16e6e8de9867247077f38ef949b9ba1f65108
776,63a1acf59ae7d9ff1e1d37b3b645760119ea1970b420937f3542936ff2ddffc8e41fc181e3a9
789,fae4aeba3e8df627762f48f7cfef9c1c616081aa87a45d0efbf4b0b8a55539f883bd71e64be8
790,027171782484fd05004a1951d76446998c2b3827cb2f47a079b2362be42d838d003d3866502a
791,15d88d8b1ed471599adb3449c11772ce7ac4870aeb0f2de30460ccff51c8c9d89ac6f3ad4ca7
792,4f02f6cbc3fdd19ca31a7414e908e11ea663e367b39f06285167b12b681e2451ed5e495916cc
793,89ad8f0df92d9f1730bbf979636004d668563c6ea2e43ce9a65d721426db63af3e8d5175eb32
794,1367e70e35a078c15dafbe47746bca5f18eb715375db84a329b158ee1907c4dd33f30d58b5f7
795,0696ef484c70efe637de08f0accb26fa4ca031289b9c4ce472a07d5205054c4acd10d1aa4cb6
796,6a908b09608527fbd874c7a06b932c96da0f9966da2317e0d11999afafecba3cda528649cfd3
797,934ebb7e6bf127166cbbe7031faac6bff85c1758decae97a9ab812a7fe176db757d2984934a0
798,a76331c3185bdbca5757966f532af75171730fd8462cc49ea15abcf066dfe3105f5d950a1ccc
799,3eb406b7bc07508bd1c1fb32598358ddc8ebb4af0127ee8a076adc9d14c56921c38a24b693e4
800,472322525d364fd8fcb226dc7f8f814491be7c0f5d5d7663a0fdd42bada14187056d2f4ff402
801,66457f4e42d90a371d270d60db7138489ca8ad014b63dc7549f2df39ee70295c7be6c9a8b25a
802,f3fe40b6257632c41f5b4bd8b7a4f86b8afa2f4f25b67ce48ec2ab2aae08a82c0f995cb24dd1
803,3d053d00da68085e4c0f8592f7a6e41c4653030dc169325452ef235a65528d8026ee77b0162a
804,87600db0425be5faabda88df0e86201aa8301d871b2ba1122440a566a90056dd7f43685686d7
805,25f82206104221998c45e27a7e4d4d20e28f72ccd812aa59e90c82bac522e757013ea51ad54c
806,4f44452d40828cd0a7064f2d8db84a57c27bd97b5dda0e684f92c18f11ae21767d74e7c1a0d2
807,61627a24d8d6219ccd32f04613eeec9a1c0ba74c4f2d6d1f8e1182151dcd0645d646567337d0
808,305515810ab5808ec73ba3c072ee26f4d57eaedaa6e3c8b3c61be2e8cd80f6aad2f3111e28a6
809,e047f326b52aca2e9ace417231e447be84be4b8ca4203e2a04b33d0b304d7396fb8705b9bef9
813,2f556202c22d7730b3638a0445efd19d64e5cc96c0dab9834eb6f74c7f723a8052690e6e1d9c
814,7663da4606b59e3fcefea6988134e0a4728b2c55b379bf3a1ddd4632b6091d1fdb407ed81e6c
815,e43e2696188e45785d81c39420cb19ac292dcfb2d745dc6983da475970e3dae0bcfeb094dae4
816,18112402f1a79140c5ae10571dacc5892419bb0b794f52ad90a1c68299e9fd13d21c60bb97f6
817,d4dde564c24ee238991b6929a52c0523abcde76a4e12a535baeed025075e7595deb33bb68ceb
818,89727914460c72f1293fbb971e9f23838c787889efede6daa1bfcd7a23892d61cbea1fb7d1f2
819,57f07e9383a6cefc43d6c24263add3ff88eee789c35beeb2d6862bc0fd847abee40ebd1bc9fc
820,6e9eb66b786af0c16dd905702fa05dc85dca9764698ba70c4d5de39734780db2d6a232115bd5
821,c110119f1d2dea11cc51544023f7006ea1b53e7d4ae2762e9e0d2dfeee0b361c1fe693b2e670
825,bf679e843041acff0883cdf4f4a58ac803b986aa28f0fbf22ae6926d5374ae47444b954d722c
826,ede3f696d90c7e7832c5fc56cf0545719d544095bdaba4728947212cc673cf0ea2a393f30153
827,4096b27a51c5738cdbb98ab8c32d1d9d9ef5853893fc9f2627aa4732c5bc9824b6aca92825af
828,b1a30a62fccdb728190c40ec776b7b02a87366456e1ba89fef3789a67452ab0745e0002009fd
829,a96a71282fd34c5681491377a1430dd1eafea07963eb4ceb005c85109525022335745c77032b
830,2de14dbea9e0a6f8013cd8ef4144fa5bda72061026ef8f6e8178bbde08583b5714edf588065b
831,c06f8f1ec515bbde31f83e262b6393faa6f6d631a8aefa6be13fc6d66236e59d0499e9ff7abe
832,cd6539435da6f20f9d10bba7a63a85072497217447fdaa4337bfd74caf4ec6765f2dd6b34099
833,ac03426bec0bd79e206d6386187e8a106a5f7820151f02d93c970e9ce2105ee06bd31ac919d1
837,2cdb2a6e42aa456e1b2b2c865151682b01b0de41c4d6496be60f9dfbb39da186fd1239445d12
838,81ec829bfa821e711377b8b583ecc4a88b093c17e310473c93503ed552dd58a1de1969620cdd
839,4c5ab67ea68729a8fbeb830f3f4b0f6b0efc75a06d305e29a8d733048ea5e6e7fd89088a6f5f
840,09f687962b2e9afe52313d99d0c1a0b37cc74ad9b293ff26ddb9841f7d703858efe795138c8d
841,3f7ea2b4ff6623616341ce772f16f92b6e7fd81c40eebf1d34ed03fc93f51bbcf9151f37f609
842,9ffc87ed777d602da999555be81a7d45faf328475082fad5f3fdceaef8949f62888506a36e58
846,6fe4363f5ab21d5ec6b010f7f9c1393967b8e18d5bb105729264b042af8c8d798d4ca39117f5
847,7d0bbfd98e96c99b4937127be218a988f0edf263aca7320e1c42ced8d0676a85e970c833294f
848,dd0dbc11b9cb6965098d942f5f81191355113ab9fb7ad25e2b0e9bf912c63a772db6c15b754e
849,1de4ff7e34f754c31723bc3979ed5bf333793b3acdec9330ce87f25257cf720fae3b0a675763
850,4762cef86fda4b90a7c3c527724a015ad313661c3aa27d12b7b96e604c3c64caf1ccc5a1595d
861,595b6c5f97b561e9f7de5ce6346a7136558c76e9a8e33620fa3999aadea95b8a8245794df7db
862,c2b4b14d87d0c10540fbffe269b358b7744ea8b171eb628fb4dceb6010170223e4475a399521
863,39108c581d4e4d2430a1116a7fc8c493d233bc81a55cf256a2fdb08743ffcfceec655d6dcdd6
870,853eec2900b9717407dab245e84ada914cdc97df098effd228a948f6db6eb0c8867ebf73d191
871,b1e325d8cab5a822c10234602e33f53ab35900ca1419558fd0d438ab8b0da5a6c87577c16f52
872,a0874e07fa79c26dc24afe29bee937d7db3768f3c618a4fe393231bf29efa266347038744960
1086,e1ce703f3e4dadeb09bfc79801a936f6ab8bca5c5a88252908bab7f9438e942c42346d863ce9
1087,c446109ca3b47732e079d1d221f195f6b671951e99a88acff1c776d2453f652e2a4ee13c2acc
1088,9a1a033b081e1a4a9fb1f5075d157404e2522dee92a7e3643ec108a34c1ee919b3a7262efd70
1092,dcb899c559e9ebc87be4958c9a641dbf8ad0febf66298658e060d8a4d907f2ecd70c6d4d22d5
1093,69175c3ca2d4f094ec21237e12268179d33fdb7d3bb4875cd0b8522c03b5a55ea6dd01072f64
1094,1ecd1d83fd3f6bddd8a5a8d37a6cbfddc752f7002c2988659d8653a89bf29bf07a7172acab3a
1110,f8c896bbbb86c8cfb2fefc134cb72f86b6140283eb342dc21902fe9f9d98fd7cf3709217cd8a
1111,c8c1e6a93fdcc5d5475ac19985b66add38ac146315fb0e9d6e0a5fd4214716bb883e1fc60381
1112,46e38b360c7ed011902655a740b1a67b1a08d77582472a600b6b5b4747fe36abf78d69c7ddb1
1173,8689ad6bdd9d9460314ff31f2135f39502ab726c4d4da1afc8a0f079066f79acac98916db9e3
1174,dc66a4a5957a531ba180cdcf4275163d681661b4979cbc7a0a4932619b1e587cef180ed0e199
1175,e003d0fd7b3d7802885c22f809959be38df6987d0ad3970fb129d7a59d647441efb4ffb8441a
1314,1484eb73ab7765056c832881ce5e2d9e1916550cf833a877401a6e12e6150763c0a2d41e2683
1315,e638a7c7b10b72d5d32cb6709c85331325b7a25a222a15393d2277c1ee54f63ad935c5f6d1fc
1316,13f465d0d8ac562cdb2d61e70a9f80bac4feb5939f752ee20727235cd2f0d95b6cb039ef957f
1320,80738abe5ee7a81a9e521d58bcb4dfe0cfcb13a14515d162dd3328e3a2505584b0c402f96ef0
1321,951a5cb292f6a9c3d9d4412736654c461c34b610e7ff355980ced7a0867aeb1271eb6261b03b
1322,8e63cdc40120cfe2e427ddc4a2f088ba94d173426270cf747f2809842a9cb080e42d38ec5676
1338,8628c0bcede7a3aedbfe91d57b9a3b3c0489598bac04bfd648c083ba7911ac8df70ab3660899
1339,0788992586d18cd774d4712de0520d53daf90496c2d0a14bff62e7e3dfc99c0c926ebf9476d4
1340,6d96bee4a783e214ed31f85aa17eb25783915efd22a77f5c016aebe11dda8ab79d8bac0da617
1347,d350aa4b82c8812a8889ea26490afc783460b4d590a672563fd8d3bdcd98026df9a416398c0d
1348,0a494007a7b1e427af262c6de23bd9f62be8a184394c01410e18497b3bb82f6000c107f83be8
1349,846a699c2c28c0ddabb001389c079ceedea16e204ddbaef3970283ebe071e576343728dce78f
1596,14abe0dcbe1157db0ee851656a2661710c480a4e2ec41c922f65bd68ef3d4d653432d1da6151
1597,0b14fa807be552a4fca3db300abc3a209424dc865d132e3fe652f154f6a12f99ffacb0b00f93
1598,8346767e165c4ca0bf3fba090703d4a234871e6ca0aafd4acd212c02807938af69791b08fd71
1635,04a3aad78351e1b3a45302140d338134bdea0b8d5bac76c3f6ab2b84fbe5b088050d80550381
1636,6a66036eac7e4efe435e846ebc65ffa520238f97667bb762b65064b0856bf8edcf3d6b4c7ece
1637,456b91c463946f2626af385f03ece6797a583bbe6d96c772d8d049ffdd09e8ef329fb630c6cf
1716,d64d8477bac7cad49803b01888a670c918527d68399f38910d4e3226fc4c1a3837eac76c5583
1717,98bedec139e504dc5b7cea817391f408c339102d83babbbc257a56e02b63bcb3259fe3e949bc
1718,b0ef663a6cb4c90e5308cd25dfcf9320bc047db74e2f235cfb0c4ec6938f8758cbb6c392e27d
1719,5bb6aa5f33de68f09cb2f5efd92eb27b27bdc4a998387e2448ce6599ae61160db1ff6172fe63
1720,a9a50060028d8ea0104e6beb04e99354a6ceec9c045ead3aea11ceddb8dd4b07c0484edb8b02
1721,4b230012a537abcff01259c27bfc9cf926fef8647381020ca56276a4d696fb88a96239cc01b4
1731,cab7a7ebec2fc3b8945efa2f8d8083372625952b8d7e321d8f91d2b234038cbd7c6200248dd2
1732,5f6b5e20abce73e317867e3298acf5147dbb6cbba5935ff9eca7da5bfe05ac97de4813a450e1
1733,9417efa1d84aa064c675a7f111f212c72ff73f524a74f5ae6a19ff395e6b5053e2dc44aae8db
1917,fd86fea4862f8d1be628ff563e5e02604d5d48027262d4716ca27f55d51b077d988bd139b6bb
1918,9f16063769b549d6453ae4c751ec9acd8e3a46ab034f99694a118de8e37db57057e827978f97
1919,5daa21c73d78088ca7ec40598226926fd279332ce567a2c3c85e940a258a4b52b08b97d3dc50
1925,3104bb706681fdf15d4786cab05d460cd82b3eb621d27963df76045bae3c714d8741572a0734
1926,db3f849cc6e6ac54ff85ab3af04ce1ef42b75206eeb2842a4f865c8f271549dfdbf1a9932886
1927,5c358c0f76b3f736976ad8138be64755fa9c2d1782ed9897f8165015e655b5afd4c48a022bdd
1997,6c7df43d09a429f10070972077ce898dbfee201aa8fd73e0cccd8a82071afa177fd9bbcdd66a
1998,0e36116e2d167c6749136b8bd5356bfe7cd706a191d1f759027d9fb80a738127f20940c39cba
1999,ce2b95a8790ca06447904e633ee14732fa55d301505e0da2c9d137f7d95cf7cab6d2371b04fa
2041,c779b3866438583fdb519d4add5edb3f2cf823d50274ed956406213c3f241cd2058145871959
2042,2b95c60caacb9cd95e609b80125c17787fd5bdf505bafe6b7ab0d2cba2cce6407c2ed4b1ab50
2043,384b1bcf0ea66bb873a2bfe135d5a0cc535071642ce693d9a53725a5a42547b8b17eb49b7200
2046,9ea165a0db4ff305f89aeda624de365c43bd7d4d644658d9ea76184f67f9ea0557f9fabe2501
2047,f9a4feee00110296a32c4df5995dec5935ccc9a6ee1713ef2793a21b23b6224d7cd3418a4f9e
2076,c2ecfd2473b49af0d4913e717ca5153af238e47482256ee01ab8574065e2e72cec6b37ca2ba4
2077,662435a618110edba8ee83f3c3ba21d85a93b28445d36cafdfcf4e42acc0fb1d1fd729cefee7
2116,b980962f057713550c814911031169a29fdee343cc9347468a13f22dc5104964d684758c836d
2117,962f683681d60d343cacd97a13e9e24f112cdfe8d46c18a4e94d83e0b0b6f27f8697d7c0c1ab
2158,3114c0edd060ff468c8d81a8cc7e6d06e75df9d4b705a6ab944b1da86ed7b086e607bfaa2dfb
2159,662d73bafde96956447860d16a948f265106a5d25f730ed9b72a8e8c1983ff14e7a33f58188a
2172,f7d23a204fe006d41e5d3158d049f9875c2fdb5f8cb5afd6000d5b176957ef6cb7a33846f2e9
2173,a311b6930a840762ed3640985fc9e82136320c14b2fe816e19a34550372c38a29ac9ca1511c9
2192,9be801f95031d08eab73f28e1fb8c41436746dfbe1504cdf6d353a56eec7d7987acfa0c6e4b9
2193,9d30829a6f5e11937046a04863ab4ef464c20b79046ecb9ff989e8470e186c999d3cc4d01e4f
2350,1e30fa72bcb877580cb7137ce90329ccdf4fc879552e28b51816c9e76e7edd789a2808da557e
2351,ad145e3e872d529bc0af82c8a7050017f6d31150d324f3aeaf89f673623ba43eefc06fbb5f5c
2376,3610e35074bea5ae535829b8d53476cb3cd5c4c16a28ac0180577950824822c611ee98e8829b
2377,47fbeac995e360c0a7b345431f701273573f39eb1fb04ef8e42e5a2a7d708cb8b424573fc7d0
2414,d2422ae205431f017c303380c6ad21fd6389e9b7f5a1731d105a9f7b338460b00989e1821773
2415,ae158c2abc80df41144d93b45da22fb3142479ba5ab24590236d67bdb570dafb5e994fd4059a
2420,aa8641100e903e02482defd5fca5619726e3eab1e7405444331aefb6f994ae8dd80b73eba2f7
2421,91462c9979b144e8a514538b099faf339e137b0a895b606fbf87ae110ea64b4b50b6b5a3de82
2450,9c5668648a7f1fb4acd63c16974f88116cba052f67b0a8c2fdde8a26ec674a42fe3fa84c0f24
2451,978148669ef67230896b21855f1af8721ef24b066638c93a4afe6c34dfcbfc2e47b8fa277745
2452,2dcfd1a6f6188493c77d5fa12b03c59edaa3fd8d5490c5517d4d3a16675667ee7120a33d8986
2453,f67dcfea960ee932150ef6a0a6b393b275c62a684fa781b1b230fa8bee6ab6494ff3e3d00b30
2458,c63fba8f9a1b551ec089989e40b57d230777488157ff07636cbd92ffd746ff6945ead0cd998d
2459,21df0a71a531f3271118637d9a7ffcef4686e852b66b1abe6ebf5b0042c0b9594b5339792f7d
2476,f7b950412af8604e9b5a152b7a40aeefb3056a6babf84bd6a62ca58a1b261a393c1e4d8d4cbd
2477,2c4834bbd849d8093db9339983924e19cd2a6ff472ee2954424dd5e72c5412028f8de817e0a2
2494,371f08c7164a712409dd9990ae7b18e1f100bdb485436019915ac63d14f58d0e960827ce2dac
2495,d56fa87507037ce8f9d96a8940d6b3eb1a8030517858920598f1c0095104aed7500fb4d7513f
2498,6f607b121f4e1bc0f4ace15885e7bb7a8899cbd93d7a41f3e79656c3b562092040013c6aac44
2499,ee6a2f75ca9e5a99700d86f327ab51163cc2f52ee73bb03fbf1cdccbf382a7893046300464b0
2518,27738e7cb8576db78d95bd075ea0139d8903573237e2e0057727ebbd95d89eaa82220088823c
2519,579ce1e9dbe3579834864525b5a235ed16a8d0b9e2d431eee9cd135ee1fd2338fdb97edf027e
2520,9a0cf50226657d87a91d52cb473615285a5a1e456af251a4f1f1fbb7ec577497e109335d056d
2521,13490b4c08de07eeb213877a5de076cc343beb4383e8b057075ee647d44919dec29894b250de
2564,5374720ae5016b6b4f25a236298c21ab4e8c48d80da9f29d654792809c5942a5df39eb38dbe6
2565,4b712f968d5161b900a2e4a6719e1c95b5ad16896720cf3694a696ffac77ae3e1b334825a2b3
2566,ba604090f870533514e4d79a44291b7335638d4cb932e345dd75f0bf3f01eeef95c32327e28a
2567,0a34de62aef431c0fea508f83b41013f5c4b881bc7b0fc4fb47c0238dff5d18ae8e5b1257317
2626,03491de71a681131201dfb9e031edffe64eac1aa1dc9df54f66ce9519624b231f8027e29ce9a
2627,0f60039dbf6d0ee073148cb0d05054a303e769dcbffeec94c6307bec0b6fb32fa3c10234212f
2634,7ec9791f8067b58c756efefa6d633f7c51a6fc0eaeb29e70189305a39536e82e4e9a947b3bdf
2635,d65f58893f9351c790170526d78262437c91ab821520ee69cb4d0c925eb15afe9c5290ff90ad
2684,4ff0a79b5da6e9e90e5f3f79e7fe56776a7c8216fb03637f10eaa17d3f6fc7562757c078a44e
2685,20a880ca244225add83a8e9142bdf6328ee8bb3ec20e6f1e95f4df4d1dc155a72715a54b9eb6
2742,d3c73759e03c323a23a88a60f62baed8d47c87db9e3aace522d12d17bdf3a53e5dd8e4643328
2743,09e885ebfca2db97e3683ad61defc16532f974de257c3bdd33c17f1dc5d2e3fa67428b907e36
2804,64b4033996f384595b2843cf9cc87d6590a6c6b8b80b2a30ef1cfeb4cd52c957b267669536c6
2805,452a78229404d0145ad3654d8c1c3a9015bf972a1fef1546c7b738c807db0b126ec0cb33b5c1
2834,e8f7d296321ba1a98a5b236d0eaf79a92bf851aa061f87b0d5b80ed9558eaf805feb897d19fa
2835,6095a44048f3e46b59060f520886e2bc392594b60535164122dbec5adfaffc26877f59d75d08
2858,cbb1505c22d1ec5abb559db7200adb9f85983f8e7bd79b2addc1facfec55a798ebf86e44a1d2
2859,ca4591e2bbc4355deeba2ab268d806e492ef7aa1ace9bc56bc24930259bf897c883c7419a7e1
2896,9041eac46034a9690ab22bd26008d733b179cf7652f41a56d9231ceb9b07e4ffbc9cb0bce7f0
2897,f7141c354aa08e5263f23b86aa8270a8efa242f413e5376a5c4a1f7c4801eb1cdf959a37e93f
2930,519666caeef3fd90d64f624e57edefd96e38a6d0369424239db9197adfc6b0bc70ad1310bf0f
2931,a7ce82f0f6a4f74ac75c5bf3783bb678245cded234c9eecc5e693340d51cfa32973fa180f498
2960,7329adac86cdab281babf2db68231421af2158c1cb9e0852c4b7a7924352da1ce012afbfbdea
2961,e63f6726d1988edef9991d866ca900f21f7245fd03a844d09153d0f67b0189f0133b8b3e2c3c
2984,238370565f730f52b11c86a6187ad2ffd61be69086f513827d0ea3b64a7a8606136d1920f0ee
2985,3ffa46b79582be359f603a5dd12f45d14e780fd2b77257e3f6768fbf5f54b81bce92d6c4df88
2998,14227fa62bff0cdf415702d308c43852c4ce6947fd706046eb98f2bab7aeef35a8601685d6a5
2999,8d27c473b65c88f54a0bdfdffb831546adc0225327be224e3b01d8313b18dc41b8e8e0f45086
3002,ab2650e09dcd8006fd2b669024f75e4d80f238589d51d7f6ce82932d5bc412e7a586a15934d1
3003,8dc67950937831687a6630ff178ebf18731ec3c2a8d0e50e9c9bc58f44e1d5eca9118be176d3
3020,2682dac55a28816afb116e3c3f2ca593af9a7781827693d0d4b75ecb826ea6d42c6a87d0b550
3021,4695e249245f9c207ad9a6289c15f9bdbe93987c51a79707bc02133baa8512c8cb23d73f5e01
3036,a6e5b33306e0b1836e4dc0e32180dcda90edfce44f9bbb61b754107a494e7fee8d1faee89d36
3037,bb3d408f0dad32b1aee165f761f93777b5b2e6cc942bc26838b3cf29056bb22582becfd11feb
3038,98b5f71a45a4ef6a078b1abead7afa6996eb8b7355d292a8189f500609a55dee8e9d8841afda
3039,4a41c3aa9f0f8c1f1ed539501a92b303125c91335f8c145a305572012d6035c6a8a776387902
3044,b2602e3cdf812d6c7343287893939691c9070e0caf9e486a9bc4293bc1ecdc25f9687f999cb3
3045,21aca432cce1cdb8228966653fc13ea136e24e70ddea2b85a4bf464779b2ac18a26e8cac1be5
3056,3a1f87f57f0ef8cb46384157f89f62b5c82090b0d26fa072d124262754fa459c50df83bcca3a
3057,499efa27b7fa626ceda76aa7a2c7f08657a4ead09d797c20f651ca728c6119dee718263d575c
3074,6355073776e193a59280fa8332c67f02bfc405c335e7b61259c556e89152d92516f05b02f461
3075,073e44858f172fa1f649084e6d76312408bcd4127ba6510b65bbc7f838417313bc517385f0b8
3082,b95590e0259c583247db99f275e7cdb844a53b37ff35e65ab01a87158affc298c13d46b72f57
3083,424e4e1a373f6a0eb35938e43f80a216a1f7eee86958b2a63cd53c6d0d1fc90f524af193d178
3094,81d216fc3af6d77a665699929ca766c12e7111a2911c6d2184fe76a3c363a5d14ffcff3394e1
3095,2420369e0d2bfb3316892ad69ec0e49a93de0b2de19d27dc3b38ecf5bdf6e255e0461c75a035
3102,9e8dd5e0b5037e07ae725bd9ca93ac7ce02c2987db63795ef8b6340b6a5b9b7e6a68139aafe1
3103,95d8e694501703b20640e02732f458ff28622e719630da3e9244d9cd5118e4524c1e2aa3cdcb
3104,45b3c070d3d3e97cac932489adbce1de5e730bc34a220a2672bd1241820f894d01db9f7bf378
3105,44def6b27b68601046d4621212efef382a3218328fb107c65c5fe72706b763e0d29a5aa4de34
3116,a72f949c6665c711fc8064b88ea5feabaf417ff2dbea4b046f566b0a00d03a4991a3eb819c21
3117,5cd133648308586d897b470159bbb03fb5f602b9b39873f4bf670d23fd18f3ddc73b4ba674f3
3122,41307cb4674200b316894cb291368ca650d27d655a48132cf69c51d69d17acc3c05fbd6026a6
3123,d553cd732aac98ea926dc9556b5b4efd252140007e97e592b12edd1ddf85cedb7d8573f01a27
3130,068cd8ee5021c44e59b530a26fee6525364f6c929d93bbd0049da80811c3f4f1312d6780a167
3131,e05b1c57c149aa31e6fef92455992b74169ac998dff5b748c0246dfe3d8e507650fcbe5b49f3
3134,6e1fab53e39c6e8242a05a1a1fd1c971b888db3ae867c48447dfe97d9bd0911830a66110387c
3135,9ba86b003b18a1eb88590809e4bc0aa7335e212615995e0cc97a17145c6d2b2ce1eb50612fbc
3150,c68c1a78fb88e85ff33be4e29c99721d03cf9c7768463201bb633dae90b5d3b5f63f1aadda62
3151,65fb141cb77003ac7ec52ae3cdea171907061870f39a352250facf6a274554547ae6fde27518
3162,54e7b4358e97cf28ac24b1c3d4abe13b4c7225ab5ba6707a9ce41d6b020eac1203afd5c378ac
3163,8bf0558e9826990d50622e4737ccf16494ea15e81de0e819aae4023803c63a983646c8140213
3164,996547f104fd46765538d2708c87046d348535a966d9a3c4b902dc6d331f5de6e0c994874eee
3165,b88b973a92a225d6cfe3134979f4335676356ab18a5e4c8ac29fc16258dc9fc6754ba5a9e841
3204,a1dacfd00f073b06c952cd51316416ce97f55272d8863244a8e636f6265ee1d714d4ac824706
3205,1b64eb26023c5bed7ee839e6b5953048c24bf0971cf55627f2d62e12514eb571d490ae1b307a
3250,d252af3d86d82e2d4d1e39fadbe12390c625d2f61432e321ec4a19c6c891a7a1bd65c98f8707
3251,47c080da4d7ebd76931be5d42f56790337d87b066c88343bfe754f19413a96b8e7bdc11c3fe1
3290,13412c8ca2e7ebdea321d05de026734e8d3f7661057205e55030bcb28e22cc08632f25cec954
3291,f4ad9ac008a1d065a983d7db4f91dfd764b308e577de569407e7a834f00be6308b38a65bb5bb
3294,7996bad6b6add277755b62ae9e2f2f770e7623e392f095cb2d916a034148a5bd838e6a443e8e
3295,a2533f2b9e02f8ba2d4e4cdf4958873dd13e3c268c2895f7b7caa54f11309faa4978cecfc415
3312,d977669c0ba26d080b00dae39cf0e9f6d2faa6ae4bb2931f28b2c4308254c733fde1d5121d8f
3313,39837860856e58790fe351216831c0b640976f5658d51943ca2a7f7a1b362fddd5e6edb87d7b
3316,feb157dc05e6fef6734228979a25b8e6ba76cf31344f110c5369703a2e9a1997574f10561f18
3317,4a479a95276ae166b84856f0145f474c6509a3004e14a4500db5583970e3cacb053a7563209c
3324,2c72eba96146e35830430db26ef2dbd686bfab69a88f89220bb2e437d6fd67ec437c0fa02af1
3325,319d55cc3294a4e8951169bf8fb34ada14a068d8f4d5b3f3b9169f461578b6173f6c850cd2fb
3358,b4b643339456608832d47a77a75387fa11e26640f1b4f6b2a65e45431a60f256f88e3b402a94
3359,5c8ed279a8e9567104f406810a81dc305d527beffe1492bbd6f35f208d0a6339be3550b201bb
3372,75f70585c4e632bb9fcd1d3174d0a3356c9e13d99f6a4cf6f6f42dc70832128c26c710669d18
3373,571ab43b0d29d4586b5561dda200b530911ec39f5f9830bb9a9056f20fea58e42963f5f2bc22
3410,27d160abaa0458354d2ab70cb109821212f1c18e39d92d47d9325ad7e9fc3563870379fa1a62
3411,e477893d77b83269467616a9a95ef975894e14da6929a906493b2780739254e96b574391b202
3422,b248cd8fd6c8579302c683bdcea07c8ecb53e414899f871c27ed4cac12d0077b9c4ced06aaf4
3423,35d47aecca7478cf469c22c117b415468a53680479fce0a32daf9444899b8ce3c2e2e5372545
3436,bee676489f85d1fee05d9f097e2bccb403ebf82f35b12f04d5126e050faa14c1e99bb3c35b53
3437,6b620e7ff7b449fd7ad6f2b573cf91fd3da66b5dd72e04ea8d059664260a027482aa5aafcbf1
3452,c69d0c65ab4fb75fbc8d06756372beed7cd85e306a038691c45bffb5fb2d602e0861147d6f1f
3453,369cbc3bb6c1f23ae5728268c51a54de27acc2a38aae50471b9bcb2bb3c2e71050a855413e99
3468,221baf0e90d014b6a032185b7cb5b3da3341a899c2ae60a8c289adc92c1ad937abfc98d82584
3469,cea6633edc8b73bce7aad69572e20f330dbe695a555c82d6553f695905687e239f77e06c8204
3480,f856049e58016683fddf5a868fd2ddcddf1cb7e7effade46617c5ba0cab97b65c3f2b6fb8c1c
3481,e516cbcc55fa3cf486b06dd230c14168f7c697f12f56a461024f1d9e00bc075bfa886fbf8a8a
3482,18fbd3f0228054a10d1b544de7cc7f37cddf9570e35f436443b50ea5d9a18118c7824245f3e3
3483,4d02a4978a9210a25adea54edce1488087a3fb2194deb7b12edda968ce97eab01783538d3846
3514,7c6df0f4d1de1a088046089d559a1b80526ae43b7fb8fcef61fcf987d73bc106e92038311d22
3515,cec487287693c6f8c57b11a245ac57646387b30cb9bb7b81872cd3e59c90888be8b85f828abe
3558,b33099125c0532874ca2484375ccee14bd8c7d4bafa6fc23db98487c6a5182e61c1a069774f8
3559,e0823a4b0c5b9022d3b4270367ba6a3b809e8d35171b26de2bfecfda527a929538e7dfec1b72
3560,992d22695e6800f3b662403e48b1addaf27aab4b1ae14d279f5c39d6c65156ff78863749fa4a
3561,aeeea3ba99af99d6e9f48d9674eed9695f9acb4dafa42f2e36ba58e618d91166070ba531aaf4
3586,7cde067c63e5eebe15d5e0547e8c2e1c3f83bf017265c0fc165119bf56b9162eda1ad8848297
3587,199d50176b41dff83dde0ae76e713ce63dc757396915423e08cb8dd20e5e4ad193c6d74ff942
3588,13186b29adfc08d24c6a3f635052b9cbb25b56880224b692365a150d915b3a84336af22ed065
3589,9c4a786ca2ca58769e5efebedd88c3bd17a7046128f7b065b0314efa08903ce66dd570963a23
3643,ca15516403fd5e8fd30771df25481c659f123f1785ba2f0f99b64773827185033db449e532ee
3644,53078130547b52b557e16251e5a8656be156a75577e77f6336481f12b2777d21d92fb436f063
3717,cfbbd5cdd48bf45a4442d57c1eb442e91148b3239935e8eac620a4dedad2f80046da14fe9052
3718,f3a4cd4d853e335f6c0c923ed70857052e617a9b76ebbbac2b4f1e9e3250cf9bba8c78a99777
3719,231ca2cc8b197c78884972bf8ed020832084321288180f165ebc6cc04c725ec56a80a3bc2f6f
3720,8374f70a4f34885c1db40ce2ee6d183667226e62954b68f8941376dfa76b6111848b73d330c7
3879,19c4514f7d4d6614e689f6ffdbe420d517aa60c2ab2da627959368090e76c5b67328b78eb9b7
3880,faaecef4c88eb24d31c23fd52d46f16e89363fbf8b47b756384cfec78629171cf444a3b38a32
3899,f73c3f212893cd33883b56e06861e1815062a617bfe299e705f22421d228e3f959f730c045d0
3900,3c208b40a9e88ad494037b7812c3461d50f22bac30617c0a206d1e62b51b072a8e40fd56c16c
3967,05257fb7bd06a1897362fe2bd1ae30768111f66da949c1fdfc53dc57e12ed5c63e0b78497e00
3968,252a127466440d237885c88b4893d3128502d11bfe1989b4e5f5386d550165e6c642504c7ff2
3987,b359e2f1f79c0e445eb5e1ba4593401bae5ec373f297d6c87621ed0b2fa304fb884a1ffd31d8
3988,783d5024d485eef547d1f048d1308edbf392ec16b0324f2786ae4b77b7c7a6b8bd58fae67fcd
3993,aafb42a55a2ec3e67b6abe5a0ad4d65fbe9cbfe6446f4b61d2dfb4069bc1cedf8471cba0ef15
3994,b181bb98b664d41e9e29ee5e1f796292288e3f3ff5c39db13560993d4c7b56a5e14c28c7db33
4033,4f25ed725fa7eb2b89d6e4f01f26546e9b92f5de15bc3fd8f2ba656d2ea20a17e35a2d564e6d
4034,5f6202e35b480a17cf3b636b4caba60ca33d36b0994db898469823458400384eef86145559ed
4035,07fd1219dbbe214565791a9b7275cbc063c2643fa53beed2d964694e6e14bf8a79d982bd613d
4036,d2c382be86824f4849b705571d89d3c6e19a832dc3602fd7cd15fa7937ac686ca35c028a4ea1
4065,6352a8d284d5acd88208a34071dfec587bb1678359faa97a0b52b700dc81cd75a585493e1b5f
4066,8c3bee01f089d7dce75b6780aa45c65cb29ff2931be00717ac89ee8b62bd4e5122f619b5d62f
4067,e29d5f4cf98078eb8fe301214d0878cdf48cd4079dd410acbfe1f02e38ec418926a2f604df47
4068,b6064fd0443030c3c8d0e57dbea4ffe37f4e5bb3277088cae3d3e8b3a4ca641e4fc4e51473e7
4085,cabda5f0608ecb974f6c4a651e90bd9431cdb97b4ddc2da3dff19f37069fc96db45595642dd4
4086,3fbfda8993359a37aaf67002f3fe2847dc5133e25ffc328c8c5d3c0ce8727c7cd3fef2a8f66f
4107,c55002294c07fe865957522e01e600f6ca3781d8bbf43ed1f3adcbf6b820f1f10a86d089ff51
4108,1fea73b14acd87b576e0a008515129b3d5236fc2fc5d36a759abfdb3df861a6150e2ca220cb4
4113,6bb201a229b558e925cf4392d9761df39cafbf459fc6a1f863157bd8186e2a68a8d6aff6c56a
4114,1a9c2bfa10f79f36b950f2d00a74a6f1eace5b65d8e913b2041b3c3b9890d97266549cd95994
4129,f7ee6c707e5c928699b9e39fabe4e879eec8f00f434872c698936d7a9794f9b180e501e9ebbd
4130,5620ff4af9d8c6ac5a50be8ca25b725033eed215a88435d707661b8515ef6c0237bc9742c9e6
4149,92c9ce6855834ef5fe6225c3d4e2b6321bbe5046c0db488ab24cb47f749aae5ea6bb70a01244
4150,a94ae1b605afbfe4a385223a51ab8abef9edaf7b04eb619a46756abeccf10cb3d0b5a5738405
4151,307f093afe5a4cebb62e847467cbf3d37480603028b442d04b0f7789e4dc1fc71833343e2481
4152,389831d25e8f7aaa121efaa8317b83022402d09317974263a0ff971935702b733e22d83ab455
4185,6a61d822f5a38c1c86c4c76d870d5cc915cd16ddd49da1fecc11c5ea66f1b97161bfb0c6be4e
4186,ec9bd96c7145fb61ce8f3d182ca3e6e68c7cfdbf86028946b1a685be26ee79ae84e7a4e02dd4
4241,159874719bba6596dd672f60eb214a66f3508c69a427083020c6fa451794eafcce4ccdf19555
4242,af8029d85f9e3019a55bed8900fc37eae6770b2dcf47e4c9010aceb07aea54efb83e884384d7
4247,eeaabad6a8a7ebb01af689dd02e5619b334a57a9c78d229cd9938bd4bdc05851dd3b7e4b4290
4248,409dea63eb8f02630b0334d5c7594f50184aeb4373a4d17f7256f39a89254d6359e8248ca893
4253,1ac22485681a344e0638c2085c29ea3fe3362de45dbb841c58b7f7236782ce4523a1c683ae60
4254,db0f8d8cf8318c038b8b90bd9a3e9c3b116884b949d4311fd621084fc390632499a0b3cb018f
4331,3c68ef392a54eaa28b541d2de31ac35451842f7335e6ae443acccce24e75d2e0c1148b8adda1
4332,a3324828596d874655e640d29e6aa3743ef1a6af36ef7a3f965e7738585e89f4b23b8319d63f
4349,b3d4db2f1a047adfadfd8a710963277930351b1b79e8b8d6fac7baf0e5f041ba8058dc84d2d9
4350,5572bdc6eedcfab28f9210e704f345364cb09615febe71382dd25d0f513df996fa23130e9d0a
4395,9404637b3a04377a235ae621ac2513c2f6c804699fcede6cbd6936ac9b03af7f186d35dd07d6
4396,eb2ee73a17765aa80b642dba832f382992f67ed88f7ef6af93a8096f8babda714a8d440d5827
4409,5940fcc3f1b5d92c86d3000a0b88412e6c19825345b3beadc7d553547594c3230e7397f17d33
4410,2f74a6e2fc365ed73747b3dc128c6190d2a10e62590abd829f3b269886653b25ee668e54e65d
4461,ae57b3a552a3e1c4897349bee0921089513bb431460db9660ad61b860b95581f2f4a440d5592
4462,2570bfa2dc42183afbb1139e622138f5b0f320a7cf6833d1589c2d0b9681fb2d93161925c51f
4469,c531c170674d63c9463cae148da191c0fb36503d99b13d6b1738984c072b47da858d2441635d
4470,c102ecd0df551ed098dc11a5950c377e1c714727ca1f1109441e5a95844634527c98f7990c55
4471,412e747bc4ae52dc4f45b8027ceab5b9c4eb0b0f984af5acd27f7925e6773a3f26f7fb17640e
4472,36ff42a5a6c4e5c0323b7e8c168f494071f555c878e629b90303760ddc03fe4064e4af2474cc
4485,9e368b1ce8ccc7d1452c6d4b18b4822d7ae0633da69576d2d2452fca0c83580731794841c041
4486,1019f29285e55b10b3f698f75f24054ac28c8a60d1fdcc0d2be9fa2ef67cde015c030c9af134
4487,fe23591b3e72600520cde535169e300677f6bf0f842e5f8d5e1644dc7da91c684e7ed470ae10
4488,611e1446d0429ab9ba5e295610623b50b32208d42beb8acfa6c6ff7bb48b620461e6e10c9422
4505,95845d0029d5cdbcd03ce64928e4405e42323de0c5bb6f62ebc04616d85fc35414379b45d074
4506,30f8885bd0d83e6c93c02b4ffa98ed826bd845905f4bc7904aba8d571f1b67843f1a475980da
4517,2a4875ab876e647347f8c73a46f6e057de0268fddacbc7fe94b3507b906748a7510521a33b1a
4518,66352b35bf0c5a13cea693de4433b9e07fb8cbc2a37faec29e898318b57304764e2e9c16aa29
4519,34f3f5fcc15d0c1eabcfe12f96ea0b47997c40b9bfbbc700b59342e85f9e4101dd07669d7d10
4520,a0a9c957797a286521f35740c99386894bef24eb2f812e81f773b34b023190bbf3f99d3431aa
4553,2409942d1f43ef3b56ac8466bd3b4798f2ed50fe694f4f61340a58e12415225cdaff575f6c95
4554,29c36600854d286ac4eb7b907b0e26b85c4b2fc2ffad194730e03e0b7c7dcb93624dcf3b51df
4559,8674975a4c3a6134ff23c94e5dfb81c3b59c27c15b71ee47c23114528990e4be3f5efc38aa3c
4560,3990be5945894ac7046f90ff3105fa7d4f785d3c4e5ee8a288710b66fa0a72558af2f99bfbeb
4561,5691e66f77d51eeec2feb30d06f5e2546bb249e2059d961118afc8308122f9138a4c4236b78c
4562,e9a3afecc500afb1598f4f9bc1c083ea85ca92e0274404d319f01ad0e7c42552e7186b3cd5b3
4565,4ebcb92206e16a4fac190c0675e375d8db38d5d100826927f7423852a7a342336de4b3dbcea9
4566,877759fe6d1129a05fcf45970e55fac0e542bd7785be0d9789b87e944e8c373f2452c9eabdb0
4577,451c65fd89d15b3c70c333e4bc6e1d92a6aaaf09981b77428fc9cceda54be72264bac31fe3a5
4578,d66b0f36196442b1d3b7f047c187ff2786c828ebc99e52d68573231810d2617207bc4c63c39f
4583,9f0edc7761cfe95151aba2289d1ddeb63d794476052c5f4d8e4f804898b4dd48236fcce8a9d8
4584,4298c3f90590e926ec6104fce48bfe7188e30851baba642d835fdcf4ceebbb3a24cdbe70c5ba
4587,46fdc7adf018de538097ccacfdc89d41295a3b6f21b3548ae37c7f61132980cebcf7c59008b0
4588,9ce01aae55bc7e0037098b7a807f9736adfa254d0f59a1dd46190abe82228c915e743521e136
4615,b1ba8489bcdb403473b0a8fb1f68a8e58d2c0b6829b3ea19586201093ac57e4b5255796478f5
4616,7a1a54f177dc46229c48bcd77f5fe79bf8adb0046dee0fc79eabd4fcc4fedf76b94d33498424
4617,930ef5883ebbca5d13f1805ad31b8cbd610e0d1beffd80fce1501eb77bc1ec9ed23fc7158ef4
4618,39415817479ee24c9086f41ac313d573dce4d15f38951dab8ca0cd2897b24cbc6c82e026f3db
4633,c4c0df6845a2704c08055cff6baad032bc8222c61b654226a0bab93fc9de10153fb6753b7fd8
4634,4ce17054307ac8dbc411d81f86e42e456e88f61f93a9103edd88930a01ad7199cba110d8e865
4635,879d9d924dcd47122653e06669a22dba8bf81a938bb719ca8210227638738ce545947652efac
4636,367c83eeb61dedeaa529fc4e9c0b0802245dde25551cbec2110928486dd32ba0169e57643c36
4639,b38468dcc8bdcbaa2d206240623cdbd4b996ae4628540de3ab0f47b2180bce4575645768c5be
4640,7344bff6cd8e8e5f8b079c00318e754b79ec9cfd5943e2143dd6a76c9b09c011c9cc38cb3f22
4641,e0dd3e879621e71a280e8d30e35f721116867eaa2db5fa52693c296e77ddfcad5c3a65ed74c0
4642,1eedc3402d1f87db90c245fc55c26433c7f51351bd5d7fca1f0f5a170f2044bc92eb2a2fe2c4
4645,c5e0c674e2d574063b4c64d302f260a52369ed9089107492fc759cb74d38affcc059ee734115
4646,c6f92dcd36542ffd8f0526ed0a1775e161a022e62519d1c2c22960cf835fbb053e9a67d1e59b
4669,87a73b72f6630a59f6b86a3e6fbe5e9a8d00ee75dad111f4d8e9627705e5f1d6dd0d026699a9
4670,9bae0ca8c01227e70bc47d43622a414f2c31e5fcc3c04dbb2212254d96418d12ec6ce5a8d192
4693,27a0a277cc53a50e69fb66964aa16515229dab4572b8dae74615a435c2be51ba74a650a40bc7
4694,c4aa3b594ebe7419f5444909f985d45b0c68efc9dbaa1f10f0d5b1b9522921d7fb818d4b5824
4709,4ee7e4bf739a6fd5fb390b69fb35c0adcf3003765f8ff7f5d7fd2e80f7bb230a60ce5b52c940
4710,8e5544c78c9ccf27a757993d6c553391e2f0fc29a05795de448da407696da17b372b27cb2019
4711,1881d88f5cd598a403b6f2475d618dfd2d72b95c8093b129e9668c7569f91ef325ff1ed805e6
4712,7e95094aba1ba5a3379a2731f766468346ed2245ec304ca1e489257141abc44938e41ce62b48
7853,98161af72dd8791134762f5d6ce7ba4053fb934ba33b0e550b69073c002c6aa33e95d63b8272
7854,5cdf16ac1ed0a43ececf50879d4a1fb7d77c17cd6f1dfbe04f1f5a036ef5600c0a4925d55e27
7855,63e1ac3ba169aa93904b31d47cf1c62fbcc2c903b8a904f35f2de739bf39591949fe79c7afff
7856,2bb3260cf37b00f5db59783d34ec755705887758f81129a6a4730182310d61593b62a9e8d1c5
7877,61ca6d45f90c8f7ccaac23cd1a9f187b12c46901949ed74533f2cf11a4cdf4a3b32126be9d73
7878,343e946c5cb70d5551cb640e1b7d9a9ee6daadc3155079d870938b5494750bad4f0ffbce5764
7897,8a41606cbc67c7400cdd1ad029838429ba2a4efa8dec7e29943b3cb751ba3fc342bb542e74b3
7898,bf1073911481c8c9f86443ebf247a614b056d01a53df6317c824c4b1c6b122763702f1600d70
7909,38413c41ccdf81482fed8587ca5bbebcfb6c345120683c456552594a53fdd6ea970f8a75d87c
7910,aa10c4fcac8457fb0b7bb913789bc13db948697c241bed43af6af2e9da8b91c704e61c67aac3
7949,0244a201578d9e938a66ea9638fedff8a0b8f615cc19bd50c85e594c73fabf4d67a5db4aa79f
7950,a597fc1ff80c2161084f38187590e00ba9cb9d19778e0b6ac5cb56401ba331c299d1b686194a
8516,a887ddb0396632651129e61051622494ddda742e0b6fd4898e914fdf1e8047f73720507827cb
8517,efd448d4a47a850240792230f5e4be0dd241d0562c98554f5d884269edd221b91347bb4b8259
9251,1e8a0a747f5483147d0af173f9265461df535fb7ff9284b03eea6a3cab3245b4574b7d6f041c
9252,ae15c468cf0b1d54d33a5b33b5d87a8e80370fd7129c57108a5ebda396ec3ab89b2b120b3ccd
10979,9d217affe3cd8bb4d21bc0d7c63a6ee38c847d7c905a4de7aaf6e2d1d89d6ea84e24f2394cae
10980,b0a7342156bf36bf891c637eb52173b1e507ea4d889b868195503b6ea91eecb83ff4e1f19778
10983,67e625b70a06326a02e4fbdb266873c25c8443a0419b7a47081596adb858c4294b0f9d5122fa
10984,6d4dde5ca3b67238a28763979c9af6c0492fd01660367d3ba5ee0a59514d2ff57678d8318c9e
10993,e5c7872d4c7582232b9627231445689ae084cbb65d20514f0aa3f7c47caa479ac3ab811e29f5
10994,11fe104ebae1fd447ee000ed9c81c840f3ae5d17e06aac925b4becb41a1c6040896169d35595
11015,d4e0fee9c896f8834d18cfd0aa6f123e3b6b14c988ea6afbda45412070af2846623ac83cb4bb
11016,9482a62ee2b7f9a85096548eb9bb7ab06041a3b8e3917ab3194a0094b7814f36c6f4beed5b1c
11021,0741ae655b8394fa086ebe5d42d2796a5fa5e45b1c6f331d5f5cf624317523c4c2ee5ff11d66
11022,a8fa1759a6a3680fa8c986f4f101c2d5af3291c7c593469058fd1507d26f9b2993d46afd269e
11039,28e59f5c93e9317b99231ac93a7992435f404dd28e4fb71fe90974a8c351e22a68f291ce431d
11040,a9854c9d0caa94396a5ba07153f15ddff50a4215072e37378b299c9df4e7305453d505d51121
11041,86b22365c77232339684a4138f4d6be859f0c8fddafe5c9350ef7eb74d6fa409ad5d0d854607
11042,75e92a36998ef27d776f76a956a020e85df89ac81f28437b587221212d062de2ec9f52e90e88
13468,1d1b3e7a4d097a5afa4bdb861d384d8db4988804bc356c27e92cc584b7d3fe5e19260bb87ed9
13469,8cdf82d1c058c7a20d3d2ed41f0e1b8b3baa64d889008e983bad2850337340e5562040a2945e
15322,86363b219d2eebd33a2482c91c5ee2101ad3a70c1b00c68e9bb211c82d89c07c291302f2a3cf
15323,b33e75402aaf60266895fcaf9c32459f8f1a38992573e12c034f99cdfcca7665aebd2ca0d538
16290,ac80538a4e13998d9c76e676e9f3df2a6112d9fa9207c8063f82c8aad31d8478a56e9f101876
16291,33bdeeff8a35adf1d21e2c797997c54aeaace23c2ac4dc5f487e699b2472fc9e5eb7c17b2285
17817,e03ab085628adbf2e49024294198bd3bdd971979830dd0ca00985d6b7507f333ce3b3c64226a
17818,023fb0e6fcd3613ec093b6ea702549dd1ff22b14634bf0018fc04c555307b9b4500809119e06
17833,93448449df2f3b7d31af1849e53a7212d9aa9886cf4a7928243a06b6caf6e35c8ba5105b2fdb
17834,581cae433069893f54d5c6e562af22299899a1c1da81a4bf685af7a3a51b6bb01c47884d4367
19022,9a4adad6b71459f445d858e9f1811500393318f35fa53aa56cc10c04009b9d082f1af2e8096a
19023,dd98378d8b0e872aad492bcfda8317a2a945b2553d011f0af2ae039b6bf19b95fba0dffeeba4
19186,c264fa44fd5239675493dbf5dafe363fd0f3d519e6da2ad5ffb1b7fddf6528b345169ab6efaa
19187,1fa980184070e1dd04c62ec0041e5db8579c3085a45ea4a4b325be186f6a96e605fa088cf8cf
19403,83fb317cfb4415a65eac9ad6da766c1f763ad2da9aef9ddaf03783979bd541ec929c12fc4168
19404,4fb92e141f2cb09836cd85a57aaff9ae4552a7e0ad3002c5755ca53125366c430ec2f0f8e842
21235,a0382fb512f8e401ef897ffdc7da0bb6d716023a08d9101a63ec133d9dcbcda5623424aacac0
21236,a8c9535819998c1e9c63a5dc9b6a4f7e66952cd790a3c20807022bd4c475d8279005e94d11eb
21700,c20cc3172840d52c6f2c07f1ce9b96ea2990dfd546c2751a72c6459fee6d9543e327261a7ebc
21701,3757e471bceac8c6534e7773e79f44d3a2252560df384acd51fdeb5c4fa0e8b2ecf3fb061353
21807,9a2212aca35f49d50a63c04e6f2338cffcc29c5fcf2562614e20f26c0cc3689fe1833b807d78
21808,d128d966c9d6e8f9e3c56b1cd27d742a7b6ad41d878bac06eb5728e110a64ef523a656c376e8
25987,8dae3aedb0ae95241e41dfdac59b09acbb1663c1267fe83fd3833d5a8096707ab04b56c1fb26
25988,2385fb186cbb9fffd3ec928c5a666b65299f4abc9467222d805731cecaf2df3d126f978be1fe
26309,d0e76d0529c7a3e1129c95593e6d5e8e00a3d87d0c6090341a649438edba28f36b8c105483b7
26310,9e3e4d6c29ed1af6df11998f5c03cf984753a83ad40299bf6af3db5b6abc0c6bd84981938905
28172,b780ada918caa56137b08591a300c66f4702908986ad14aaa1b3d0db5e4c53488c98eaef5963
28173,746db514d711d1c1e2f19d7ea1b518d2bc9da164b235af5161104ae41b7d25e586063f4c5484
29797,87c6c9128868dace6b474cbe8a9256cb9cf904e44050ff0548acb988f7eef39ef2addd3d3e46
29798,7e49cc275c63db27465232d7ab9a8785a4161b7d777feb735707dfcddff6526aff1ab3be45d0
31724,693df3b943205f0eea73fcadd917fc82652be11437bb68dff2a0b8427223f766ef9899582ae6
31725,51853a6aabb30c6af2ab170630c2f059157692c55d965522feefb484fcd8a3c9407ae27a6bb3
33341,f4f866e25bd286197f0120598accd2399e920514794938fa566a2fee6d763766b7a90f6cb802
33342,cfd37ed98e5d601801eb536f3e308ed973571e0551d921272a924d3af10d37dad8b9fa502fae
34453,3bdf190982504148614f446c49d67fc9dc9f2f9e384d0d3d1b922502d9f4b13da720356e3141
34454,e006f5487c0680f9596b8dc3ca99d2c34cdf4a6b4bce9e020b3d5c9764c92bdce6d5b1a37f5f
35117,0bcf73791356ddd455bc65e518ac899e6ba941628173b8859cac8dd628f46210c4d1941acf2a
35118,20c21d8e80410a8beb02166943c5141a0dc2709e2362dc3fd4a03ee83f899934dddc3f77175c
35875,e2f0ee5ef03b70e7e1f70e47b54591b8b5de3d27f87785b09c9a5d1ae4929454f25c8451313c
35876,4d75dde88d02fd4c98174f66cbc5a4bb17d3b559df033115ab7aeb3454fad0782966c2443b83
35877,9eb2fcb2c9ae8d8f645049d5bfe71cc1aa093b1db57e3fc5a320b57d7710c41aa11bdfa967b2
35878,c9e61b41ed1b0e1a6f9ddc56868a105d32a3e584a885a6879a1f2920474b62b986aa081997ef
35889,3583947aaa30aebcf165898764f0464a296d82b6624a4b1bdadd5ef068ef3889304c2548a81d
35890,bae3f3185b876c16bce88dc72c11480a655813a56889ebda4a3e21c08acad5c321c5d17cd7ac
39179,b0b9e1deee15e69555325317de8d6812267e3d5a77b0e0748edea06d9f99a520d4ff68fa3b62
39180,dae5ffaeb21b15c4c1bebf667dc2d6b36053bb6b4c45ab76ddf4420c7d78644d966bfc6107a9
43804,ef4acb000c8c77cea1ed63345bcb94f2c2d1e8863821f0fc110ee428a71b680297a4380cf057
43805,6d46bda944e664fdd2f7991d4fbef815713d8d5b67165736f77d07b642132751b51d06f32e7d
45418,7da8efcae0c3d1bd0b11b8adf098a739aa96e8b2911406f5983c30e4b6c29fded7bbc71d8a87
45419,afe341f8f89ef40895050091d7bddaf892b66b44eed49b058982c507aff5d9492c33f41b0da2
46053,8ceef688de44a312882f558e43b366774dfc40cf4c00c6715b6fb5da21ca430dfa760685ebcd
46054,906bdfa281d44633b6563979b001cfb9aceee7f9cdb24ddcb5953306444c00c84ae7d4c58516
46861,455a5edb9d52e8ed949dc2709247745f651232fbadf98d3f2a896da417fd05872d2d2804952b
46862,02b748eef779b5a3ed7db914872fa504c754db9ecbd1ede5692d112f37367f1bb1e2ceeac059
47254,ef23b16f02db9362ca772755f425657fdd1b6d59750b986bf02fa296be13c2214491ff888e7b
47255,8d8c6e0546c682906ab3dc25ac238cbbd23f3dfa82ffb84d736ffea2614c08826a81a03bb3e4
47559,61b676aad6dce1f77898d072e2233c861e18bffe47992806ad085fbf6cc5229a4533cb8864bb
47560,25f6598e9cdb500daa295fa77c87fc2f7b560c700dd6351d95ff87dd9477d386c1cc9d4def36
48293,8813877cf1b1bf3e25b6e231123605429f395bd6dc2515e640945cc28f74ada195a22be78cf0
48294,95712746b3db3a2754f719516a3a56dbe3eaf0e8380f58b358ce55106310e152bf6fb0f81fcd
49037,81b083c57425b6d8e8359293b55bd110117044d9afe0ac51629c010f49f9374360948033708d
49038,768dc9cc7dd10c75195af42860adc5650671c05cad4bed24978d9d3739ebf1465635f4ae79ec
49636,15cce1ab3cab4618f868eae4b8e7cf04763bf46fcb5c9900de25256fea15e8a7453cd4a29858
49637,a4e6d2458382df41fab26b69a62ea8871ea873bf9bf42a5ad9f320cbe9d3d42698fa0fb3b314
50487,28be1a2bb5952d0bf559b3ad20e0f6006ee603da830dcd5b42cebc6665a8d378d04d097e06b7
50488,deb8ff577a313936daa11ac0203be3a1f2ecc626f933b62cb458ee8bf92e537073f4ab09882e
52684,7bc745947d0078015bacea93058ab1c9f73fd82c33feee333e62891d83c26c1375534265a666
52685,ef4bb3d9fc0e11d25d83efd2dd010a79909c0dac34395c8b9c23ca3d379a2ca0741c11be8b14
52734,85c16870058c3d06a08f8f1ba7231db64e8892ab0bca7e6b83c08576ed160a9e6ab65a36e7bf
52735,71c5b5d90cac283bad08a26ae9299dd83f1563b523ec6e09f99a8d6e4e54738faf6d5e5dd6e6
53301,4254389e66e4058852017d581ae0b1c2874089639fedc8c321f33dad173d30e699f630868168
53302,ad2850841d9ce09dde99bd28fd350cd1b5a850fe5c6a490f844f0bcf67dd6c76e387692316c0
54049,044197432a2a7e9550a95b6a0919242122bf20092590e941bc4eefbad506e249310598e4d197
54050,620f39300e288ec635bbb9a1774f836422d814faa025a80e1e67ca5326af402ac3716a1026a2
59971,cc10e216de27132fd43bf72ca707c55ef1e9a3a74b8d09681747d6a2ca78454cd35b50aae8fa
59972,ea3bf0e3dc2af7f9f56ec9d106646f8abddf5c03ddc5bb04bc21d6611c3e4cb95698daa5fb92
65964,3277b794ae7ab83e92be9bffa37d17a3ecf4232b1dd8d5348285c9f29748fae7af9356871c33
65965,8f0d19a297ebed1552c4b4ac905cf96c6b87bcb8691758732c549823ccc3d782d84f27a99d94
72145,57e82107db9a7bacf35dfe2d5bb06881e6762c3621b9b569c2532fd5eca75cee968f892107ab
72146,3fa7e71d886582f97e574c6ca548b41d62db7be654f951d6107a7b41bf273d705ba12fa07127
73597,5e95886511feaa753733f15f69519f0f0729264dee3eb26d7376165f0c4e3602a73545c0a161
73598,51d7304da6d5551f18703e26059b8c16117c91f41e6eda64bb38845fbb444f68927b9dddefa5
74221,f6fab1b3daf3d02669702dccf0edf330e0aa2bcd8571177e418f130fdf457aa38bfd4a87786d
74222,023b4e10618f796b4dbedc0be3f875271d3e454066257c0f2b5c62ab059888423bfb8e1cfdd3
75846,0c9298d14e52fbd49c86c8f97dc4dcab16d3041bf0cf90a694acb3dfc23de74936c18cf91ae7
75847,472527e85830b095e3861b9bd6cee135fc43b5c69989cd9ee5a512c2f55d73dc9732c93c234f
77626,8ed35e59a1081f8f69e783b83f60e63d1e7d1d4c4abd24fa1610d62d1a5b38c2d5084049b9a7
77627,b30d2f6b298c1fbbe062e06058dfca0fdc8cbc749bbe78ac238725cf10d9a23179914d9cb39c
77741,610a7411817bc2a24a2f6986637cf49c17eed3ee2c59eac9a4518551fc7275f730075480738e
77742,590c773bb3f7cb78c7f397363e5b5ae16a5b40ca19f71fba5bba5143f2e2989a1fb2a0e0daeb
77981,b877bedd3c78fa026fcd274bc36be0f61f8535a4fae9e74fc9944e52717b71f8a9d1db07916d
77982,9b61c9c6e057e55f13ee4864ce988f21c6de63c38aaf2bf4375c4e6efd4420bc5c8a89333f86
80824,360a6fff880895fa19b7709b7bb2ab5318d63e75121eabfd81848dd5c454f35f5286ce1d0b3a
80825,b93e05220bdeb93ae2617408c15dc542db2f2d30ea20fa451f49aa18c6ce152cdc2c9449d3ae
81585,c5ec88c4a475f9424c7ed0ac5533e5accb414629fab96ae78210b06edab2dbf196d032313579
81586,dcdfb3bd05145df4b9c4445cec2e7322e795e110687d91b26e7eb579640c4974b99ae709cd15
84870,8bfce2075ba6d21c67e5fae94e1e67a39ea878a0d19c7f66f6971c4ef52b152177a2fa54edae
84871,c74c9a6c517d51a4f4112ff95362b6720624f87ad7bb5ecfbe1508b99466abc807ce4001bc82
86255,69b0663f94c39dcb8ac45f34227efff65d2bca727553f96c798fec4c3bebf038a0d927790104
86256,4d23756506bfb12e5b7a2549bf7743bc1bb5d1dec28eccd21fc108c0d5fd2920f45823763b78
86744,9f2714c4dd3544976e92a03027e325f2e57a32f85390d05f100ba5dffb8c45ae7207082cfdaf
86745,5048c1d353e6ba2437f6553e38263c13d38e54d82f749042c965d0370d325daa7d521f84051e
87036,465abe4ab0497373dc1396bc56322280ace819d896aabd038687e734be58fb0bbcbf86615301
87037,42570f7f019e395a21a66c1205682ba33a81ab0d052e9e783de0e280ca45b80cbc1b993bb338
87093,9067cfda030205e49d00189043a6d5b5bbf5d3633fb197e099f82fa537397da944552dd557f7
87094,aaa14c2a662020a4492c6a98891080ab9e3d4d2b21a6a080b7582c5e5c5b2c9436b3daec5258
88160,e86506a668c2ac56358eedba8390e502f0bd82d74167e381c629c824d9a5dfef8fae3e4a6133
88161,d33b6b195b9d762e989c28e7ad18308f40ac445660e2f42a95cb4e67505cab62740aaa01f7c4
88162,6786fabbf69851df0eb6185ef058c7d3b32bb71b91e6dbdc25cf413f7c6f93898ed306c7f676
90992,7c4a04b8115a69752ec102bc1bb3951abdb2a6e52af5e75f7cf2806803e8149243c141379f83
90993,0ae7c5019570ae51c9e28387f1f259110e4a0bd39765097e7e19f497ff6a8b9b9a8537def07e
91638,4a7e4a87f14ad3d9d2cc116e3b2d24c1437d17d2c21033e557411c5a3caaf2e961253b0be8e7
91639,ef4c24f0ef63546d3e2b8391d44962ad43b04e9d2724c3cec027f72e69c7513078ff572bfedd
93487,00402461321594fc8bb24dc7eeddefdf99874d07a5a66b748b0b71e7de7f0129161d7cd751fc
93488,7fc62590746321d3a9abca78ee35c40c3ffb2bbc391d89f3817f72f6743150fae94b85bafef9
94482,95d838d40b732825dda4cfa1dd45510dec2cd2967fc02f7089da16f25945a7fc503f49652dd7
94483,1498ca0f7041ddde65e3f119fdcddc243f69dfb8be2693898595c6b6da76c266fbcf3025f8c8
94947,4f894e4492aeba843136094e363820676cecbf956ce53df5c37046eda8aa7079227e46d641bf
94948,163e2e22fa7aa5f76e3b0f6ccec722e6aea288f97f9822b3f74a539f3bea05c7956966562ad3
98855,9258c3945a2a80ac2293a955ac7b91b0bac53d1ccdee3d7c1bb410395a0bcdf9cb1b086e620b
98856,1ad1f6ad25f3792a74c7bcf28e86fd85d3556838b91c8c21f85a527f00e146eaeff5e35288bf
99231,c2ef1923b1836e088335e00c68b8bb3346d71101b77ad5856265d3808370c5409005f777b2e7
99232,c662f1c0873682e6f054aa2488172d67c93067341824d4180286a038c406f558e8ffdee4e595
99999,ffffe0a18aa0f8251c33a542521a8b3f487913c0e42f1f63037062051d7c4c7c7298e0a9a4d5
100628,9c3a21f19f1d56bfe82891afa4b4941939718bd41f5ac2bc71636e67ecba2a9f24cb8da1bcb5
100629,1d40c0beccfa33550a30cf75bf2a59383f609ecb0753164298883b628073a1002344366ad6d4
100962,17b17c651b10a94e0d77f77719372f1c0cb67f9af924bd52809a53e7cb83a0d796e3231a0f55
100963,bcecbbae93cab14cb852872371d34082595abfe670bd7fb2a018b6f1f21ef5be1a9911059232
101661,25f5250c15be1075a26a8919a07a9823a25f2825ee454562d1ee63e6eff7511027bf374f590a
101662,c40c85867cf062596d8d73c50bdb92cfbf6bb1d6a37ffd99659e4cf8f4174532a5209615d77c
103769,a737c50f2b19a3340bf56983f1652aaea5b5ca7cc12934b3c6e60c928bd7b9a39f691dedc52b
103770,2abce9c4dbbb0eacf3b463d352e7b4bf61ac3a61b0c53e27b940ce4e4e715273032633b460cc
105146,d99c356f2e938a5190908e09031735348c1583f48c038883411a02a750081464c103a2ded77f
105147,632873bcd69e4d652e443aaa36e5e84d9a468e9c33c504fb2b7aefb6df6a0a3b74d48439d167
110605,fb3639c7407d2230e138dcd338502f1c95b2740b2e7f3cac35f354c47b84251b71c89f3c6a4c
110606,0deb16a67d395b894a88656c59a4e66c10a0a5e04d243a0ecb8cd396415b1dc4cf2d62a9ed94
115073,97bb3fe91286372cd42843cbd842e293a49f6bbd6a90c3ad1f7cc66de468f9b2afa0d3f0b064
115074,d24984a1e2c5d41412418edec673514dd3c7899c6f5a5d561ff0ea56867b175db36edb560d7d
117456,efcbad546430bba5cbc3943972ee24d8ad4a06e604cbc9ac825a4adb0b2bcbdebaea98f7b5b8
117457,1cbf9bfc44f89bb8c044277730de1b00cc45f26b0377a5e82d93c0e190884ddd658394987590
119047,7f0890b09cdd6430d3a4e2baa1160b3df9fb0355836499838191d6b68e4f4c96a345992e21da
119048,8d87b59ed5ff2b3ce544236f0b002e5bea7e1c34376fdccdd9df3e8b7351c960f473561d1e52
119671,3b50275edbb0a65feed782664cd97d88a814377b14b3a693b8f7932cf79e47fda9dbad9e4b60
119672,1b390fafd4d10061dfdee1dc3a8b805dc47a059a6f45b85b28d38871b97bf3bb86080ca055b0
119673,00075d27fb3dc28c7e8ce9fdabe3c5ddee4844567417f46da11e95eff265259cc63639a69771
120388,4282258953c5689fd01428325aeffc2a6eebdee2e206be633ec8fe7e6a7de5be3c7731c84a20
120389,2e778eb73fa439eabde3f0267ff960e371a7da9b64f0e5b8e7e51a808434534301c9b4334e8c
121955,de7043af28a5da42ead075f7af89f86639bb697b68ab939412acbfa0861e12d8bbc320803e99
121956,983c983cfd6fb877e85f748d972165f5557525caacb672869c5be00ad719a902a01c0ee0a493
123532,dbb3052d0d384eabccafd9b6e2d12279e01f34ec5192cb06bcf3d81ab19fdedc423a9401447d
123533,55a2db2f0870db119b6913c4197a61823d7090ed38a6f3d5ab612711d57603921339fe7e3b50
124095,2b1e4d57617a2fa0f6e72fddb107c1e8e4b4eb7e96fe3508bf204eab396b245167dbf04cab83
124096,26433d2af1d4cd76be0c58faae326dd23e7a7c50f2e9ab2a882e9e7ab5193bc99d14fac9a757
125198,ea270b31e67da9b980c374525ef73ea2ff03a422ec3b40dae3cb10992fa106f51b89afcc3c40
125199,b131c9c66e4d5848f707fce4ab11a991efa74c2b5aafee043a2ede76674447c1704c5388ad94
127261,5c48118161a93d85c5c2b1d864df6e7f43fbfcf5a701c46262701417ab0f3d2b5105bf4c0689
127262,49cd9ef59715368ee1cb226975a3f8f435c2770be6557744ba396ed60a3831be8668d7ec4dfd
127371,745c1ab4866f7cb53c4bf85006d6ac9705cf8d71ec1c4e666579a8b2b3b17ff3c4476af028a4
127372,a80dae563446f12b2a6b87dda56c8abc344795682e1a32c09a7e92182116625df74d0e6bfaa6
132363,dee0404e7d331e1651f4fdc342c69df04537171cf0f00dfb516a080e9874f41bd0172e0ab45a
132364,b37a1bf30f9e9a7492fe888ecc68dc340430c2cd8469bfbd0b29c3125d85b76c04cbf6123aa5
134668,0a9688e42df1a282d97005ab1ce98c79440abfa2e523b466ccf571d57536305f4d744ff4c9f3
134669,a1aa318c14ba3881cab9de559dd3dda72b5dd05d729847112524c02e74a2d1707eda0ce5618e
136383,7c860b93b89f69288ebc67e27b664cd3923c63d914570ebff5bac6db9527dd73d0fb64652aeb
136384,d89cc11e62aa7e4be8d402c557ac1d340cb30f43dfe4631b5849133387ec3499d96b1feb5ad1
139065,fe38d5b49966628fb03701e91180730e6c17973642030f9aa162ca4cd11e1ded1735d90829d6
139066,ba33848f48ed4b3676e4fb9c4fed1700421b56ad4ebff4d11581ef7d4ace7192383b97bae18c
139525,7b07f64c031f38f7629a173c4856614e3f30aace94ff4ae1cb9187823bb149836d6a767aee99
139526,b23d53413d9ee77ddaf698b6aba4287369542b92828714422e6fc9dc62329d1f56ea4a4974e9
141779,a627a1c2dd5310f868bda2209322bde49c8f7f9a7e338900bd8c4401deb01ad5a62948d875a8
141780,308b85137d5e5554b61433ff50a6ad793584950408802247eb74ef81a6a58bc350aaad7101bd
148023,bd79b16413bd5267122da42074c948909b0264cc46e880f3b68597db66d9cbeda8b018204a65
148024,c78036490b624f3d33f4cc5d96ce4aa0e909b8b01a62051f434f2d00e1916d8772872b2c761e
148025,34c8a2ab1b4864899fc8a4cdb39e946effec190e5db527c0f03eae4a8d9c7486e7241bf9752f
148026,ca6756472eab03be03b7b64cd3ee404efc9175454913659c676a006967acaf5bccc3c0fda2a6
150493,bdb0556ee889d3be3f75eec4328bfa73664b493b4d7a348cc8c9ded995d59935411762410c88
150494,c05e1927976eb849e93dbc27256d5bc3eb72b18eabe95e4c648e54e42436e1f59bd72ab7ec11
150623,4dae550157eaf381b5fc886919873ce3729993ccede824b1ed5b9c4de6ec38c05db45b5e20e6
150624,cb40bf165524899f5d1994e02d05043e55398058db496497fcd8a96ab5dcf82626f9d894b4d5
151134,722a427551c796779cea64cf0886507cdf5526936b1254805c5ee628e022ad95aae9905b1500
151135,f3aa54f3258880b03f9833635d3f1b409f9ca66512aafe95dac23235df934e00b19a8368c539
156328,28ac82ebc5f307037ea79bad7bce472265dfd977a29a7a0b86e5bd8e14df9b0f92269d000122
156329,f370e4676db5850b0cb709bd25151bbb5650a3d4ef1dd1631ec80a4d38c09828f7014e8ca4bd
156450,c548150291e946f33f65689322c4548a909df9712417c688de51ba758dd8023eb5d3ff62a36e
156451,a5bc0abd0f5e41d7672f9ee6aedb46883fa5557b0d7472225f0d29b1e860a8a385c1fbee3e7f
157107,e888ae8d3a6c82d47e60fd1ecf4b3042d9cf20a2a7c6e16f27548dafbe4b0aaf0248f17a7bdf
157108,e664ae06176cdc843620c4ef3bc27de9724e0960523f6f3e272ecbe0937100eb8fdfb37b2db8
157109,9138dcbca46224823003b5d9ceac51df9ad30abb57bc9dbdaeb253f2ce7e360e995df082c55d
157110,214070fb29fb30c8880327774b360c07d92ed1d4d431639242bfd4548b5cae2bff75336fae70
159260,0a7ec388a71a2a52f5344a90b4b549ca66b7697786037af656753e3712279501f7e514a94bda
159261,d3e47fce5905cd9be4c6a17cec4296c49f172eff3786f8f2addcf2047a865866ca389c782d9d
163024,c47db277871a71c9bb582b2ba6ac2fc4d79213c47fa3da30e96049122597fea74708e11bb6c7
163025,80b0d92a0ebb4935009f9e60c624f7db72b5ab09b0ec91c9f16aad11cefd9ed468b8dd919e7f
165030,42318983c7a5b69ebd13d6ce2da2c9f9554c858d913ac1510e85d7eff5a0219489157c53920d
165031,08b01c893a821a20759ed85523fadf4b1e79658adf587b79759ce2f663a8127f16d5cc872809
165218,b87c1609adc858c65a025638cc19154259a3d0a6cca74e227509f944a161e7386ca06fda3e9e
165219,8852cf94e092ea4e4572a0beb64e06aa5e6d7beb438cbfead19269f9557c8644fec261e657ac
165994,8857d658734d239454060227e703b3dcbb9173ea21302943a8f03e820133fc65f254960dfd2e
165995,95c8a205b9c5216d311b1be9af4a60f3c660c95f74154299b0391f531850473ec25c11e5916d
168689,4faa411728643a6f8c19eebd54276d425c4c53f02b9e8ff205ba1ada34ad4236fc5769a91851
168690,e7f54355600d721ac231529f7e21906febb232639f2b23e8ba98c81ad4df6716f909416c3014
174469,a84234de28a426b1ea52b8d228e5b60e44a4eaec0b640c08994661904e84a02f42321befbee0
174470,64312fd6dc137d448779ce94a04fc427a0ed48459f00b10a687dcdc2a9e3475555fe1b14f390
174765,0699b3b2d5af56ad42261ae6daad44716d26c500f2cbdb0dc38c774e6d0c3e9ac5b03d384778
174766,621436e5e7e265a626927f3a9e61595e3032abde84e21b6f8af700f490be2d86cdad65bee419
175589,32aae2650a9aa2a6e9d0eec5b8d71a9f161c84639c1f04bab82bb9eea2b10939b058551eef3a
175590,f01ca7a745018b4f0a00a9bea6aacfc76a08365d3ebca515fde48177ddec79239bf6f451b60a
175707,57794f5d25ed370582c389337b43d43430f458a99d84605728320de7f2235122e939b395e18a
175708,ad4d3838769f965f7f2ff8dca6b75fd623ff699e3b81468042610dc33de9f4d3aa2292aaebcd
176251,ba31b7f253feb6311602e94b1a3b9be3cb36b4b89313c11ff21476b4abbaae6de0e01c1de8dd
176252,45ba1ad7bc1b7b63f50dbed27ae2b6bfbb86e5822aa825e6fc6336161d8ef367d2212093758d
177738,012e701fc9054a10e51f9ea3433e60ee1202893e314bed65872f59fc44a7f9b722b98cf6de5c
177739,6c17c54be10c4bc59b7748222cde147f99fd8d308614a0f110215519723d5493aa8d4a8b395d
178147,dae4833cc2fe46f1d7526e92b80916accae2027cbbb0d2fb7b1d4894003ebfadb5f9bf7c8dca
178148,a885a7851642111481dc5bb7bbbf4c50a1b1577ca4d2c626a6c072bfd95c9533bd23dc39e291
181874,c378d650f3478bf784e7c9f9c3e251f2018bf6b9bfee5c75f87cf00d3140038784043d49bc79
181875,297934cc6dde86d06a75141a76c5627f558a128f645c7ff5cdc0240961fb73af1164a56894e5
183952,ebf8f951cbf417a65595283b5f09bb9cfb7acec738641170320bfa433c1d31515021c3eb178d
183953,df86546bc7b798caea146775d3190a4f549c10d85781e0dbb31365b751b2054cde2d94d5c73a
183954,f6fda315e7ada4508665db738cf14fe6f08505d8569fa8ccb0fe5bcd1dbdf4bb660a3bb07ab8
190861,ac8c31525a156e688e07a589d4511e0b42a4751c22fd3c1c409a391b4209dd46e206f441cdcb
190862,49c047db4f41469a15188c247dfffdefc6f325e62f587f8bc059e675b595ec9e35a379e4b968
192194,e532b88d9f7d025f02b498d763af649a38c6725a095710045e13c00428b82a9648bcbe0be804
192195,ecd64c0ef90d03db55dfde60d8b70b374b8839c6975dfc48241eccce684a63c547dfe05aeb1f
195796,5d77e65dfcafb3f82daaef900ddc1dae8a2ff1316f2379e69070c8ba84e3bcc40e69f8a96b6d
195797,9f1b3ad3b921e9b4aca8338641ba08cceed360f5306b4e05ee47c8d0bdeb94ccba93ccf6fc6f
199111,93d8365ade25e2befc1462b0641a3893b09e2e67d3308edb20a7db8489b1724d4dfb1c1f5133
199112,b3c744b7a2831ac252ada30972bf0686ef73e881dbbf0f90c6b324e7a3f5b7112f75c4b37765
199113,a8d3ab0be108d4f67d22d1faa6c689d058fa9709fee2e7e38b7201b03fb5e719bcc1bfd1f62c
201671,d80c7352b0d463488c8d76801a36b76120a6fa28ff61793f7632d0780609f1ed601e1934223f
201672,f92828c083d3a1ed4b5bf69758e4d2f22257fb032f2f817d1ff3a20ea4c73c590e7a561923d6
205601,f2c4537ec6f21a41b431a51cd4dbd7a450a5c619a89c234986cee84ae1cc17e938184f606d14
205602,ae8e6b7d4e7241b673a2fb049af1c6d94abd5bfb3efe7c0f19376ae2d6c3cb4f9cf1fc2815f9
208859,436d92f1db172b22de85ceb951cf430f2d141021d9abe754926f796509fa48cc5c043d659b30
208860,90c7d45a794d05e18739b7512231ea620a818a483fbf6db8fb91f5d96d6eb69170095c74063f
211702,59c6e330f5742b745215c3f7b67f7c6d7c74ea532d0e8716f45ab7abece900a6d94b8245d56d
211703,970df44a2090561f83c79d31bd9c562f47bbcd1989211925d1cf4b70c8cf1bb111f70b82e7eb
212749,0a720bdb6ea76c9ea9f9b4173baaf239ca9e29d52f9607ca3f5a308ed12c696072f4a5ad151c
212750,805905f068df607f340fdde8fd7435d1c683aae178236cdfc9451986ead7011f17413287f612
216878,9807d7b252ce6f7e2fe1aa31df6064f243f6ef20269b1443a6044980f89cce243523b08875d3
216879,234f26bfb1770629cec61c19bd74708b756da6f146def4dbfe5252edb989157fb64aca5c2d15
225214,ea6e130a04e438e04ee4f1b0c590b64b02ded12d2ec2e0ca4b0f97e3fb1f6c1b6362a0836a27
225215,9bfb4de696cc0237eecfe8d47024abbcd71cd66e713d4d610ecb3bf3dc9c7fda4bf32675f2d9
227212,1522dbe43672ba90e0a465595aa46ab9c7f80939066dc5473bc96af9a0aeca96e3e425cddea3
227213,17ae41620737ea3fbe893b2d10a68cedd5b66d7fb5fa33e7ea23ab0494e2e2c80c28b1a4e4d9
229085,eb8f6e7756ec028f9174ecd70336c57eb178d7ac9351603aea24c8880e06b0fd195f4b9b32a0
229086,fb5462aa49651922fdbf9ce7c9f67fad860d17460b938c342d464452e237b685a2afbdbaf31d
237110,cf621d4bdd0790b90fb072eb5252232a4fff62716c2466acdbae2a98258e7aadfeffa6285ada
237111,31ce8c5c115984cb8eb97dadfda7a55ec4284de957e4d3b00271b9267eb7b826e660f3c812a5
237828,06b266dda1a5d8587215d4edfb973c9cdf8d4243e58b4731744c4f857dac34f01ebd290f7eee
237829,3ac33f0c03d2f4159f2c00f6ee6d3a8feaf6e8e5202efe34bc3320ee11ce78da060c118aef63
240829,559d6f214f2eeebba912fb3d210003b42479de4bdf14eafdc0e04b4aa87d2322f5480fbf9e68
240830,a6ba8eed8d55612671ae5c8d0809dbe1118b5df3e519e21bfb7bae7506cc231071e2f17e04e9
240953,ef3bc12666b47a19796035db5c38684bfab7ddb1759cf30ab51762703351a6b78b939ed0ac0c
240954,b5787712ce611936589b62f54cba63b0693686cb4e355d304efc1871a9147d1bcc8f54b5d74b
242041,3b343486060d1dc3d813838f03176f62f9e454b113160efc46d9437801d115f050bd43938d2d
242042,081af738f03e7574349f360cedaf409f932be74aa0362c65c0806f70008f9823571776fd14ed
242167,78bf7090e48c57146fe77c0fb924e88de31381880c9513e5cac1fa9a82a55626d336f4f99736
242168,9b221867a10ac944d97a15dc642ff47ce134a5ee97a8a852c96838017cbb62b3cf1c6dd0f0c5
243867,99e7ac017dc237832b6ba1243466916d1355552842499ec6f337d6eca8c180fd30a8815e2b42
243868,c171328a60b35df843a54898f5943bf5f8c6240313e389a531c6b1d37038778647461bae5a3f
245919,e399479c23bd9478c6ac2f7ef7e24bec4bfb3549f0906e2f92befa6c6e1843fde1d8d8a4bb8a
245920,6e52331bc14e884f9af34fe6b6b5cf52d0e9c513e9d855401897ec20a4f82c9592dd4359243c
252092,bab6c0aa5049a6a080d9c3352fa342e47b8755a640b4083faffc87f1d2bdd3160f3e030b1728
252093,23de08879fe124cf65cf57eb99cc1129bf3e89326f3ddaea7098f13bdcdf7d0e503510220344
255958,078f092ec2272421299907c96bec3ec723522b132e16c70649aa647af87ff4796c87ab9c959a
255959,495ac0565f2af41152378eef019dfc27896127697f1eba4f3f380473d897fff89ae01cf1d25e
257404,21d9d9f3221d8950715468a9df4f31baf61039cf0df5928f30978f4f518a18bfc35b8e53917a
257405,f580e504d2fb4b67655dfd50fc8ebeb0889cbc5dcb20401557284dc54a340e21280a0f23542a
258002,5f0d48112c1b45dc685a226a22c5d02e2b2cc8d576b9ac57c3ee01815c20b65724b823ad5e15
258003,f329caa738af240649fe4a7ebcfe7cb0d3416007d745a4ecc11edee165c0afe26a1ef92dd14a
259440,ab1f469962f0d0a75936e165a49dd89b2da8efa5eafcc7d1b52eafc30e181b2fe9bb2cd2065b
259441,b9ed137cbb0e4f4fa2d42396f7b3d1673457cd92ba0ac51f3b73d82c9fdff65a867a8988808f
272499,94f0f9f47ae20fec7533c90ca97e81b43e890be3e9aea07bbb54b5fd1dad3dc48f21e2b2471c
272500,3e7804f1c54a38a7e91b3d26b9d5bcf455c69dddbc80ac81f7e7e125b7cf26821c5cf28c0210
274263,01ffcd2cbd843a34791fd66a408bbe60b0d84c7bfe50c46f6e86ffc2ec09d5877a74f702d008
274264,f8a422a8ecedb8114d592d6f7163c25d8908c4a0ad79de2136de8c6335a0f59930a9ac85a0be
274780,8c6adf074cce1568b60012785759c3b76ced84ec1f142a9b6e7569ab1eacf1dced543be37c67
274781,611581a9b68ce6a31c0427d3f73f67fe76ed36eade2e8d696dc8fefd22f19a01fda4d5e39076
295938,f27d25acebb657679dab3b4d961c46560ab0d27c33d48aaa528fef3fe63a4a18e3981d0c7288
295939,591d14fb2f19f92f3f292436092c8b29087f1fdfbc49058b5bb7d2a1f742e14abd8c3a30715b
300146,98c2df439ea7d93e7d195e5a2c50d4c6824ada0d99322980ca96388931d75405c236b029e547
300147,82cc513c1777b28383f63855898faf5b63ddb9d423e713e17747e40459ca9f72c04dafa9ef5a
321010,4a3fad551b5109de896c8c842238c43df546dbf18bac7d7437a5b6469488f44024fccd0cc696
321011,173e7a831ab9d8d7d0d84c44adcacfc576fb23c06344f25f44ac621886b03670c0d807ab6a3d
324271,2eba594f54abdd638eea2b8bb1634ebc6843f8b3ccfc175b40cfa24ef02d0abb075af2a02a52
324272,01b6dc4dec1bb381d82f92fcd93236b0bc8e4d878230c999f0c25678b7a37ee767cdd816032e
326070,2c762efef12926eef3bb4f12c337af2e34c595c6a5f7a88d31225fa27c303755fe01309e3141
326071,39334b337690938054dcf3c0578d964bc2b734b7e4ab41ebd61c1dfd596a7b82f11a4ea64e90
332440,3626228538e5e15554ac29fe65dc8c7d2973028f1308f5660dd8980d612dd36142f27485794c
332441,ad235de734156b8a1dae6c824e9f70f1e83dfba06779c9667edc4381406f3108d2323bb801af
337001,77e69d49244f0ecb20b89465a85c6cc765789b2b426f4fb25d59a90cf8467f95f8fbc30f434d
337002,473e0c0f9c53b96200dec78e0e4739d021a3d681298eeaa1fa76eab9d994ee2bdd4d51608ded
339941,3208b8913ed163836a42df29f326632a4b354c578a94933be80d6b4e9130143ca492ca849099
339942,19d1bfc23ab05299f514081492c805c0a026a952919f0cb9ba59dd1b5c598784657e2cb378f3
340590,05d603c6cb064ec85acababe69fc6d7ccf60fc2c0feca1ace847ece7101f396bfd287285bce8
340591,82590eba0ed7e206f9362dbc55997b62161819928715eced220547bae672d74cbb190497a129
342537,b1472c7eff60ba503ef50894db23e0d52b52633bcd2625a0f6da4f4bf6130836f1064788bae8
342538,7415d19f832567790264a89c5e76ba3052fb9a58ad8b2087a321052b0914e2dbc0575b98c313
354834,b46321605b4f135149711bc63106b785d240f6d10cb702aecd5a90d74dfd1d102dfbd53f44a0
354835,c7ffe87a7510e3124a6f6503322e91077ecddd16f72f9f8ec34bcd929eb3a9bafda21cb99ab8
356132,d840a9d46f349971fa27b76e85067dd3e29c449642785b01826055c74d1187443e60df88f519
356133,1b33572524d64c0afc2f9d68b71c59f7609818664ef20bec32921fba5566e07543382031883e
357586,7dd6b12e2447bf3ba8740d24b6bef5dda44b63aea20bcaa67f10120ff7e1c1cf9b0c94a1ce5c
357587,855b09779c1f341eade6a410f2ba8cc86dfe2f427d55726ebd034013c756a1e6f3eb1d73ec82
361871,c34b8ccef5746c3dd79701a3eff561cadf6360403380db8562cddcfb2023a3bdc2dae8587dae
361872,41943b11136cb44ee449802d581b788fc7e8a1031d7cf6df2dd9b88e80c0dd6b2d17c78b78cf
364924,f837f65803e8ce13d3b947b953a04f4f8f16aecd356057fbefbfc54f9ad6c5979fbde6540546
364925,636ad1cc81252bc88b4869f7de22ecb844d68ed72d278f304d406b3eea6ed5ba2c76065fca86
365563,dc84705d4f9e02a6c43cf93b7ff36c7745199fe038025d812c3a42ac54976039c9966f93b62c
365564,e4b140c035564ce69ae7ef5ecfb1439443e9b6301b8727c9441fa6420f501a11d673151475f7
379210,6e98dc41ddbc7ebfaad97e64171494a3b54600dbc6762d4b50024018c5f554404c118c65968b
379211,bbd2e26ad1385463c809458dd27474441eb83d1c95e1e3ec3a98f395b8574d1fcd66607e11c9
382881,c9d0f8d632ab97348171f16afb5e7432e7add24aa210430deade584e74096dc88a927aaa487f
382882,b1a24b16ef317d59d5caebbadf6d0bff8491d4c516c7b14e0a1d958d70de2a665419abec1f68
384321,1ba8985c2d54751957989a6f7635bd6fc3e5de55a1df4135c8176d9c41886f743e295d96ac6b
384322,82e10c5f4c39ced96ced2b61d4a4bbf807d2b5ab32e9bbd6a8806d34fd023b40f89d0ba9cf40
388143,15d727925df8a052602ae9f2fb8a68c5e1e3cb51825a9dd1bc8e882bc625f3c1c8e44df5f291
388144,8700217f48cac6937af012b72781ce40b59089e37621d2bb1050b95f31bc68d3d692b8709527
399189,2afea74c79e4da518d9ed048bb2fd19f285c8a797ffaaa6850cab7124db77136201bbd9d3652
399190,72157b0dd16661978b71de6b9d10721e9bdeca20eb31a9320a8167635adadb6f497d94e72005
399191,71514248a993e5779d99757ac9df5a9fbcb00d932127b5d159b88b787f41cf2acbd8bb268e25
402401,b36fb2b0c8b1e56a8533ea5982daa6c18dfc6b64b639c5444c3eb95f1dd06a85f10be29b4a36
402402,47ad77601a5189f041f05516a719f7bbe4ac29dee4692385f2acc0a1b453d3c92984ac7ba54b
405131,50dcbe5e637a982bb18de2b842cb7392106d018af13c05677b2d3984b16d134c2d064c18b7e2
405132,353febbeeb4e34731b359e6313759b74331b26f2847767e520be4d1799db042a50c01f2c493a
408496,d40dc4694df9fa37a49a310e25607b1e4205cce548b74acb592174a5ad1d1a372a7c56a8339d
408497,df1b5880ea4328b2268b80eb7590fc348c9b0754b3d6553f4e6198b53ceec3613bf895c8138d
408498,3f0ec991e50029f64587963594158e3e64b1018dc4c7de1f6347f04a3f3fb84579f1a033aa59
408499,9b7f68cb892abe14d32e3fa7f11bb647eaff49928160c2f681dfa66f77b8af9935bf90bc99c8
447736,66f069358ce037d02662ce997a70c5d15d3d0275fad14e6f47e30d6a34af21142d5601ddc34e
447737,8fbb165d0d2c2ff33c216345a6bfc1688dba733a2538609f46979d932da3118012a134360d29
454790,6a18b047817b5931702792e9e88b6e2b9b6ff39b0aec21ebdae7b76897ce6ad0f08ff87d9935
454791,144d2670ed552f97a7bc733ac56f9c1b930f4c7496d30f06145285ceca3bd1080e9125833279
456813,acb0e924fd0888f3c007d2b6ca3fcf2e7c80eff70d3fd165cd592f05064d1138b8dcf344a3e5
456814,cc1dc7bac70e457163f1c84e3d7160894b389a2d016473acf8561be7313d44755ce6a5c49ead
466896,74698ecb9ae28d775d50f8737a906781149f88ae5147c9d202ee091a1cbb687389123605a3b1
466897,27afd5594a5365e621a4a6f6e1a0854bc18dc9757b313c4bce8a502f6e188da70b2b3ccee0b2
469978,5e0d0b84cdd397b437ab7d0d303d234a047850e81e0e7f2327d68a532d8b20150e0d43bc508b
469979,6d4d6dae669e3544a34452454207902d1c8d6e5d70b9ac15d3bada58381bfd3681fd6509fc77
475616,151ff48425e45a2139cff59a72da6b7d88dc8f113379beb34fbc1eb312cc590e3e4f844f1ba5
475617,97c86c9acd6ce9a82eb6723952543fd40c7ad7db9ed38a116fffe37298b8bad3bd9eb365543b
476718,70173d0e34c1e10ffaa8398826d7f58e4665b514fe3b57830ce7b63ae18379043e4a6401db36
476719,01f7a0d2beadc73ad72b1557b08b1c825c455f8671edea95afaff2bd2f2dc8a19b01eee0e605
488315,d5ca00d3ae90549c0663fa21267e31597e5b5c4b98f68b16bf981e3f81a542d1078dc48b72e8
488316,4cc7e1dcf9201dda1b78653e0408fbc3b2a47b89c99338116ed440284fe498c25c52bd39a5f4
488946,e04f33bc7f3e920459b28ed2a50d3ca810be29091df7d5c794efeed7ea2dd5085b28ed87aee4
488947,e97b85d0ba56463f9257fd5e6d97b19a1b7a0209505c56b18feb427429575d7231a6a8d794f4
491338,92283ba9a5d94d71112648f830500c2055eec08c8545b595c8fef1872ce0c579f69e1a1065d1
491339,5817a352ddd2ab379eaa378ab1228c853080c21d6bf145ff5ba387c7ece89ee6d3b61b7da920
502661,ad52fb326f736695d85006d238b846bf7de0fcb8c9d4711d0feca529f47e25aaf9a98b69a9a5
502662,40e2dae59ebe3988dbf5c81826d7531d9d692c431b50c06782068591d89820264b515902deac
507936,0e5d42d9374f85706bc60f09f1dd012bbcdd462a0531fd3484a6bc368065589476678e27cdbf
507937,16890d3891c2da30d634d91c09a341b162e80d1cc3db5e83f709350a635cee2ce867c8bcd651
520257,8e543c19d28c88df16e614dbc02b50477b7b4952a8ac2d926da1f2b3ef3a3b2defb58004f3f9
520258,2df325a23904027398eff619a769d36e5419f78574d1884f6f736a444bc0190975c812082210
521842,2e05aadc956715fd5a0c8cd05128c23c728550d05ad0bbd2d5ca8bd12deb5f6f48a483b6a568
521843,3bc9d525f2a5d7961843859b73f68f4efc7ef285b63794a8c8f4618101a4946b26e1bb8573a1
522638,73db2f9d5bfb79bb3831a4382c734063910860c6047aad1db468aaf4e1dbe87824257e376572
522639,74b9b4439b7659ce6b0438ea9b75958074cb32cab94639f7ee55723d95c5a4876dd36678b10b
537730,000005a4b10159b6b09c461cb0c7e28bb6a83a0342aac173216f12991568d3db56727de31c17
539601,72333213b9af7c0f40e7c461ce7a8af9e830cccfbed3d531431cf1ca4b89639a22034d22328a
539602,89f1e6a4735c8ce54408709e9e6c74ee39302e4e4db49919d5dbe28844cdc4a4ed43c14b0980
599608,61272f478893cf80a39b50992b4dbfd614a9d07e9e31c491271dd5733866aa2336a3c0e6a823
599609,8e49c3b19b2b0c036a68835692749b954671b703e5bc8b78f02f6c02b1e32a7083d773804ec8
604851,3321a6836fadb3b99717d995af2091fd5df6af0e8a05c077e600f7daa129cc59c2dd8f221902
604852,035a7349b99b98cc5e10e4bb1adb37966a3275e088e61964c5b909a975391c0c2a9e6a6cd4bc
608501,d4599b12af334c2a65fa934c6a5c2cde78be22e959ba9dad0727cb2406feff82e16675992815
608502,b429f736229013c77108e0b4c9bb8eaed1e3c82a2f58890ed05e88fb0d7208971264a8c79b37
610735,44b28bed0631a927dfe06c42b3485a1ca290ee5b3e06f214c9f7508d8b9e4956424cc5d447ff
610736,0b4d5081dbd76d926484a66f5eb030d2a77effccd0583ba0afa36dfe06b33ff2d7a9e16e8d23
612364,7428ce20f6cb596c10c459ab0b811cd7b209cd891526827ca1c0b9b7aea3e7041104c785f7ed
612365,1d6827b1bcbe23c93351d910793d14ca2557642471845138fc097a7ae8380ef78b5367d41512
622895,fa65c7018bf70aeac47030274395d603cee714e8da2f44cf4ff375660f25fef8d826cd960225
622896,69136560f42d14ebe3568b76080331020dcf7f1aa9080e99ad731c8b0ff5a1be0c78d759556b
624871,ea4ab9e1571c27da084bf38e365d1a51ecf77302477404b26e80a7c6307cd9c188addad4fcdb
624872,a47bc4d3342baf9d49c5c67bbdb7b94a8ef3e474ffc0865d2624b3c203747094ef9036a40382
627515,8a7b36b6931c2573cd9a0c56235f94eed6bcfab40a9f8936ec7e244d45d18b2e067279e8b90b
627516,cb1bfa1b3d86e9995d4dadcc7c77e05175fc087608f2a0c73ee25596a3c874e91423b1685614
627517,e77cae7fa7afeb62d577e54c1b6ecd2710bd61350e0673964ba5cb91ca2bc46aa21bcfdb9995
627518,48858b07499ddeec9bb5b3f1e86fb4309363f196bb5a92075139854b4d5de9c26440badf3810
628351,497e7f42f74c59491a966c6d61b57cbde1409360fbd11666d64426b3503d0867ae34575c77fc
628352,a53a5dd6b033a2d2219d9e631982ddd4326b55e82112e6dcc349c21066ad041d14d5683186f3
633909,4286774a10aac6a7dcd3efd288f259d0d9303caf75a90a74a4b6970b408e597e6fc96032d73e
633910,b1c6261e35975ba3fabba4ef6d1e59795d49aad11f9c9c375ac8871ea93ca00f553447b43758
633911,52bcbe44ad1e36aed875299bd701ccf8714eb6dd25706ab2ca66c4b5ba18f008ea66275b4766
643436,536006930914d40d0291b96212260781f468d00bf02b6b58b57fa5cd107f61b4924574a62fca
643437,56918b5d0dd86167a6e983aff3ec63040f7a5011310f66a86e59e1c0af7097647ce0393fbc03
646280,808aa3fd48a4cf5c99fae38594ce0420d95d1c449a1ba38ef99ac77d61a123069b838ea0bc66
646281,f1f6d5121be5d231424d5481f969205f27218a2512e488b195695dc719e2f08439acf990b136
650812,56602983f28d2ad5469dd7699d8ef0393c98d87c1b6195b0a969dbb7a20ee0434368ef800b10
650813,e45432a57736c5b4ed8a7ffe9e44fbad28fd7d0a45eda5cd335b9c659123ced43755355aa643
650814,71165770af91b7a40f034922528cd48ad25bf235409ac1d47c279b3ef35f9df85ee4fdbb6fff
650815,d84b741671fef0575cabfba756fd1bb1814a4b7232f79ac39b227d558eee72810c144fb22da9
651155,01360e6e91d5f43f1b4c798e96c2adf8d0466968e79a489ad1d1272c3ec91c176c904bbff938
651156,7b2172b9214e288537aecfcb6ca6d8fa00ac7fd020662cf9114180dd519f7aa0d490b4a4786a
651667,e396b2df3cd14c9e54a724c9df83b5d6229d2929b2b080d43dfcfdabe5fde778ebad78d0c151
651668,8c843fb6f1253a67da6dd0df9385008efc58ffd3e2b0e742c604b6a65e7b0c9f81b7921d418c
652348,f4564a6ecb158a8073f364a344e9213bb353c222fdfa5d9bd1d742cee9aefc127caff3ac0637
652349,cc080e61a21737ada73bd39861a0f40b328184f54bd397f86812dc06a10d588a77c728221aa5
652692,e6238ac27b06fedf3a3047e9473621200e4b3b2c55b33555f2f48fff3a56191b64451abb7d79
652693,e0b012d28a025d3791bfc1936e581af392997a1658e1f4ea6103b9308d1cfc8d93a0157309bd
657974,31d353c56a783b7bcd033540088d11633d2111578a82ed40ded4baa73d79728ecb75ff6e0bcd
657975,624c7ae4e12bf9ddf9614db736007123d7ae5eb69684ea37bf74bbcc6a76ebfe7bd1dabda5c8
660037,e6959025f046252d05566d5235a775caa34f4921dc6845048a55e6d5f0941fd358838f38ce71
660038,020b7818df4a33a1d0778996c3e5990c1abb493950e62a3ad8e425c3e2b076880d0e0e58513f
661578,3f400cc272909bde8fdd328f36804373d0ad0eb99e2c87579dc7f96a04a5c30d148538a46125
661579,cdcf5c41d1af83d8acc55a0fca7c9117f9e731342cc2261548c832b06e49b43399e3991dfc2c
661580,afa9f84b9767fa978052f195b63f7e83f89a14c99d8f13e6093f2f8af842df90d33a31cb56fc
661581,01ef25edb74e0254ff1b74e207dea93ea7ba81fe7c3eb21b8eaca06103ded2c527122d144e2e
661582,bb550d05c66760e6be3d3100cb54eab505b1ce778533ec9950cdb8a45fe1109ac98b6401d119
661583,ff172dde90158bd99db42483132946426eea493db57baec2553b5eb6403c281f1fa3f12fba1c
683901,f176008ede57ec52ba57694fd52b00b2b8bb654bceb3bb1bb1274abe523f07d6c4ad15ad95e6
683902,2547a53a9cecbace1500f364ad11b45f1128de2c773cddaeaa1f052550e12f6d390670b8b794
685378,f425ba823835e813aa85599cdd439de02545f900b4efd23ad2962357b267cd53cd7f221920d2
685379,4a3b55b7c249b1bfc465fdd27f7a5a7bc00468ec89e34479ac2164760a390e3b0791788d8ec5
685380,18324a9d452ad34ca8f9a8b57ad5c33daa5b0e05d230c6427c189c954ea3ac2c5b8bf65c5245
685381,042827e671cb94a6d5221bda0ac6ef3a2795430240a9e35adf8eefc2a104843fa3e15ad8f4b3
685382,1b7cd6c999dde57669cb85030693e26fabf08daaf141a30e7e9779e74125bf087a3eaf691355
685383,73b47ca1f8d757ca10937d15d96025bcc6dba3a6d592c19b8ea22a893764e65df45c5c3a65c6
685548,4150b4aa5a4cb34f1f50665cdc483c1332f38a4c224e10d77e0341f1344ed993103dddbaaea1
685549,9ecd4119605a960798b5887336d09295959ff472f507b8d029d675827e3b332d101a6e2db1af
688825,f4b84e6c8d72f0a42cb90c4af6ec31ec4bb91d84b7f0e46e44cc70bbc054fe250288fb6eabb5
688826,0b0fb47292f09d6f17b846ba6faf8ea9d9d1a0ee81cd03eec6a547d17bc699cef2f27380f9dd
706090,09a7d7e01d25563ada115088c3dc0ac073c3b4e15ec60c674f28cd03aa2da9fbb485690b4c21
706091,3a352cc326651ccb4568f35acea5c88870a5f94623c613bbcb41ccf0d6c31123e115b3cd0d7f
706415,07e40e9a6064ab8379a521d07743166c83e9847f2c0aac099f22d9718f895576cc917568c7b6
706416,6c940fa38433de0f1196f9cdbac0299aa090cc6b25377a47a201ac7d025963b19af0e148590a
710905,ae8ffb1138e9d5edfee5ed5396bf4b37aab0e4596c3655b1bb27ca7a6778e0c6360d4facaa41
710906,3c61ddd62e0daee33c1b6bd401b7f20723cc426349e68c049d6802de941eaa28dc78a2d48035
711551,7708f08f0fec489837eb7dd5f6a0aaf5116443d8c421b3e98b256dd000c650cb7f684fe00256
711552,1e7b56753d4825bd7f6df94b4b1bc8d99b6c3e0eab3ed977620bb018ee7a72528fbdd18c2b0e
712191,28a547a51beaa87864d815df4015ec3dd117895bf8cee56a18887790122ddd8f474a275a3a63
712192,9ee72e4634a85b4764c3ab573ce692b7a21c1c42411ea73448f65e5510664e2be5190b7a4387
718139,267917a7892a644e0f8ceaaa86121869367a3f547ef12b2cad40401466eb8dfd59aec319a245
718140,1c482cf58e2313877249149e302dd05bef8598ddbc0f92a50d512824df2353165eb6c6759045
718141,98797ef8f87cf876f2354ecf37c05121be743ec0982cdd5896d33e7c8bd5f53ef7e1ce2f84ec
718142,87b30ba70e9a57faa6c1ad6bde8687a402cb0cdf4a33c2eadc85c15177c17ee90b81d6d8bd3b
725913,e33cc52f8cb3101fb13043f72e244a55837329662bf69cd0ebff2e4840fac8c40119d5fd168c
725914,2ad0cca2ebc885ffae374ba78326a2af2a47bdcae8f483d2e158c4e1d40f60aecb4b9ebba172
730408,8176a477e3c7349793572e01656288062fa653db7f6ef928f57c479e0f9073579026fce797f7
730409,57323ec2cee08481e28d1147a3cebdd7187818e1582dfe6a70e2a4fee3604b446ea73b2adace
731063,259ae66f510e2e0fce39fb1bd142546f3d429508b3f6a4cf5b251926e658f0604d3cfa080855
731064,c332fa8d897894cd3f1f2100f02e89afda4f740a3dc9fe6240588ec54f3213dc2a3aeebc4c4e
732044,109c9038cbea8f3dbf1ea34d2fd40454f072d37fd444bbd151c68e7974699a2d5e0955ebee81
732045,63bff3ca87faf082427c0b504503f8fdbb1b8714c7e0ff76ec41881b40fdbec0f2274a7fc349
733328,6616883d2f7fb4eb774dee35772adc549b5c729711f5439f45b63fd16860d700585a3e799a9c
733329,9523789bed7a5ffb195fe0c5aad5bcfa8585f7be9a3bda42dfbb38cc40f43d1a0061a10e2c50
737495,67ace52eaabcf7efb1428060d50b4ab3c2eecbc0c5bb067a13f86d27a1d93b3d3f5e6bc6a542
737496,7212d21eeb66e80350a2f3635af67411c5f944cad3f8011167a06a559b6fef7dc721512796a2
741250,a760967ffc24d4f89804c3bb03afea62e7e5ab96ec4d8a4bbb215d6426d111e5e2a5259f6548
741251,582128ef58f8827adabcb21be67e3161f933fd665c5e08d5076214164289fc42d3c5a72cbdda
741252,70974ff801480393635e150f5eab979ecc49959cccc1e1fdd269cc36e3635583683cc435886d
741253,9a3224c5c942a01d7ddba1c52c44650e1006751f275aacc81121a77b12dfe091b30bc89dea08
741411,2b48f57d5179522a266a1c06bd6ee34a86daab6a25cc035f917932b337b13b1458203844ca3d
741412,e43749c00d50a658f1b7a9320ed7e3d4455e7f4d33273f7cbcbc24ffa4dca33bdc4b21376eb0
748875,146d82bf300f3adc4bfa8a8e28a98975d9e0a9ae63e931fe52c832872eb8710ef4e64b32ce08
748876,1cc8d025f0cd7520a3f25aa1d4048e911fc710793c1319a3578c26c5e90f3e377fece6bf993e
749193,313b5fb9aab10522cd9fec2e9a2b97f2fd15348326b17a99b19a19092d02177c63c9336528bf
749194,ccce6ec30786f757f0c06dd755411cea800e919a0f5afa4bd44faf70d3138e993bc4a44fbcd3
749830,e65f495f64497242877a06d28a4c59447c665a26931b2bea9f6c34150780ce8c5fe9032a473d
749831,776ab245ddace9249b027c19b24da85e9c2f1098279e70fe0ca88a3ba7da2bbfeea3ff33816d
750149,fa045c72024285df91481cfe08416332a3ebd73b012a8ed22fd72a0ac13ee28d0f045d5e45dd
750150,0b247f8714bb8efbc6e335d7537eac5d07c268958c4c54c1c82db854fb5b69637ff2bf5fec0c
755319,5bcfffda3c68960caad7dd4bc7169d4a14a891b533d6a0923318eef846fc0412e3a33e725585
755320,6816fb432cf4c4579ec9d06404622531550560709fae9998863f938c8b462eca25fa802bf796
756095,da48f4bcd694c78dcc437ba29758eafd44da15a230180aa1bb814e0ab90a6ea8a12db55775f4
756096,cdc36acfad105520ee8aaf342f770099ea3eb99bf0220b65684a08a6333bef8f02d6c4f3b7c8
757033,2b2f9d436092c3d7d4cf4c9298908898e9f6d54edfbd6919c76142c6d4913061451e48c0ef0d
757034,371aa2f5ff558bbd127d1b67119c029d96cca8eb92fce426c6ad27caa020bddc167999467424
760385,9226f5a7abffbf213b9fa2969e674f55d35612f76906ba61e7c1ec2b575304dc9f0262f041e6
760386,c1cc67882112ce8326a831d210326d36b04d0701e093e8f0794f400fd238a09a51386043ca69
760865,992edc95256c826d575e163bbc28ec42ae596c58e8617cf7324b0ffa805305a825ee5749f976
760866,30f3adf500a18d23693fc000855555b8ea374735ee7acdb2149f7bd7c417be264bc1c591a007
764219,d412c76856840c73c8728681244f8ce0894d7032de6899d68048d9559c76f58aa61fffd74717
764220,15c16e9e1dc7ed504042311d7afdcec4439002eae2c303e4f02073a92e923231508159713200
764378,96b2328f534a5006a296375d7db5876e8b2a595a5d00f38d27b435cc134afcff685f02501a49
764379,58397467004af6294d52cdefea9a7bd6e7e72bdaab94f3dd0f53f5edf6ff9a8c1e9bae8f0be5
769181,12459dc10034b3461beb0386f697c96a21077d95f957b1e73762edaa6b261b8bdafc89f34513
769182,a31d8ed6ec87a500f2b67468d3a5977f59aa6e1dd84be79e6a0d32318c5fa625c9911867a3eb
769183,3a23a6c452c45e8f7424346e900c70127b21bbc03603cdd1f725720a65ba9ee6ff07269340c0
769184,f8e4e3eebf663471f6fedb01acd1fb40d213244c33c6f6728b6c4ae4ccb21dd5c8b5f51ff07e
769348,4c6fa3ea9a624d8611d88205bc76146e6507e81d92f31891ea40e8edaaaaedca6f78efdb9638
769349,79c30fdb79910b2d0bef828997b1f28d4434cef5c1902fcc3231e35d14767e3c6aec2bcd6337
770478,a4bcde43135eda3eb00bb058a5fb16f70a2d3efe72fe98d56786499bb11cfec2326ba1582a66
770479,31cfb742879fdc3a137f149d9b46938ec62129ee0534387a9376f9276b2540bcacbd40b6a544
770968,33fc94e1a7c44c69a789c5ca0fbb070a8ba6c71cd2c0bad4d3e722329cbf14f53bcfbd079105
770969,6f95010817a479d7895a23d7cc43972720a7bea48e178340abed03c6f8fe7bea094ab63c6fa8
771783,702880bf1863bdc579b1f0ce7369514612cb3074becda082788ae17324ec58994ac2ea23762b
771784,7d8528969aae0bae89a3a51bc08dac59c5ea9cc67cbdf3830596b243e4d5b88e36185c2f5e49
772106,1cbae881491a5548d53569242aee3dcf1b848854e0e1806239cddcba5f0781a5684329636e87
772107,9d25ddb695524cf280e4d52cfc6119e202a06f4ca90ca4620a8702b34d00ef09ddf383ea4393
776509,103832737d56472848a71cd4453f1b585e28707053b9e9605a010d7a8503efff14495ff2a901
776510,08782d1cb6369b2d32bac8ee17616d3b2d3254b97cbde7728325bcc83693e222928aa0e5d0af
778631,c0377fa4c4ae69ed7f64e4ccdfab59645fbf947c2957e17f7abdc90539053addbf54effe3cb3
778632,b094c7a0f3050b1421cb92f38f7ca6bf2395b2fe9ff383c6f6d3ed2ef59b70a0a47c92c64f2a
